Region,City,Boric,Boric_per,Kast,Kast_per,Provoste,Provoste_per,Sichel,Sichel_per,Artes,Artes_per,Enriquez,Enriquez_per,Parisi,Parisi_per,Votos_Emitidos,Votos_Emitidos_per,Votos_Nulos,Votos_Nulos_per,Votos_Blancos,Votos_Blancos_per,Votos_Total,Votos_Total_per,City_id,City_with_id,Region_id,Region_with_id
DE ARICA Y PARINACOTA,total,15077,17.78,25120,29.62,8423,9.93,6194,7.3,983,1.16,4703,5.55,24295,28.65,84795,98.73,756,0.88,332,0.39,85883,100.0,-99,total,1084,1084-DE ARICA Y PARINACOTA
DE ARICA Y PARINACOTA,ARICA,14763,18.16,24070,29.61,7921,9.74,6020,7.41,952,1.17,4536,5.58,23033,28.33,81295,98.78,712,0.87,295,0.36,82302,100.0,157,157-ARICA,1084,1084-DE ARICA Y PARINACOTA
DE ARICA Y PARINACOTA,CAMARONES,111,10.58,252,24.02,195,18.59,57,5.43,6,0.57,53,5.05,375,35.75,1049,98.31,14,1.31,4,0.37,1067,100.0,22534,22534-CAMARONES,1084,1084-DE ARICA Y PARINACOTA
DE ARICA Y PARINACOTA,GENERAL LAGOS,24,4.81,140,28.06,39,7.82,26,5.21,5,1.0,26,5.21,239,47.9,499,97.27,7,1.36,7,1.36,513,100.0,164,164-GENERAL LAGOS,1084,1084-DE ARICA Y PARINACOTA
DE ARICA Y PARINACOTA,PUTRE,179,9.17,658,33.71,268,13.73,91,4.66,20,1.02,88,4.51,648,33.2,1952,97.55,23,1.15,26,1.3,2001,100.0,165,165-PUTRE,1084,1084-DE ARICA Y PARINACOTA
DE TARAPACA,total,19975,18.31,33271,30.49,9441,8.65,8354,7.66,1343,1.23,6874,6.3,29857,27.36,109115,98.92,827,0.75,362,0.33,110304,100.0,-99,total,1085,1085-DE TARAPACA
DE TARAPACA,ALTO HOSPICIO,3183,13.08,5860,24.09,2212,9.09,1212,4.98,263,1.08,1712,7.04,9884,40.63,24326,99.01,173,0.7,70,0.28,24569,100.0,340,340-ALTO HOSPICIO,1085,1085-DE TARAPACA
DE TARAPACA,CAMIÑA,60,6.9,384,44.19,47,5.41,31,3.57,3,0.35,16,1.84,328,37.74,869,98.41,7,0.79,7,0.79,883,100.0,159,159-CAMIÑA,1085,1085-DE TARAPACA
DE TARAPACA,COLCHANE,17,1.88,419,46.25,18,1.99,10,1.1,4,0.44,5,0.55,433,47.79,906,99.02,8,0.87,1,0.11,915,100.0,160,160-COLCHANE,1085,1085-DE TARAPACA
DE TARAPACA,HUARA,207,12.26,479,28.38,157,9.3,88,5.21,12,0.71,78,4.62,667,39.51,1688,97.86,21,1.22,16,0.93,1725,100.0,161,161-HUARA,1085,1085-DE TARAPACA
DE TARAPACA,IQUIQUE,15561,21.11,24111,32.71,6038,8.19,6581,8.93,976,1.32,4687,6.36,15753,21.37,73707,98.95,556,0.75,229,0.31,74492,100.0,163,163-IQUIQUE,1085,1085-DE TARAPACA
DE TARAPACA,PICA,403,15.87,758,29.85,305,12.01,203,8.0,27,1.06,100,3.94,743,29.26,2539,98.99,16,0.62,10,0.39,2565,100.0,162,162-PICA,1085,1085-DE TARAPACA
DE TARAPACA,POZO ALMONTE,544,10.71,1260,24.8,664,13.07,229,4.51,58,1.14,276,5.43,2049,40.33,5080,98.55,46,0.89,29,0.56,5155,100.0,22536,22536-POZO ALMONTE,1085,1085-DE TARAPACA
DE ANTOFAGASTA,total,41451,20.59,42278,21.0,17535,8.71,14726,7.31,2548,1.27,14383,7.14,68419,33.98,201340,98.82,1727,0.85,677,0.33,203744,100.0,-99,total,1086,1086-DE ANTOFAGASTA
DE ANTOFAGASTA,ANTOFAGASTA,28116,23.01,27242,22.29,10136,8.29,9973,8.16,1632,1.34,8858,7.25,36254,29.67,122211,98.91,959,0.78,383,0.31,123553,100.0,11,11-ANTOFAGASTA,1086,1086-DE ANTOFAGASTA
DE ANTOFAGASTA,CALAMA,8984,15.67,11688,20.39,4912,8.57,3589,6.26,595,1.04,3910,6.82,23638,41.24,57316,98.77,522,0.9,189,0.33,58027,100.0,15,15-CALAMA,1086,1086-DE ANTOFAGASTA
DE ANTOFAGASTA,MARIA ELENA,265,14.61,212,11.69,148,8.16,73,4.02,34,1.87,118,6.5,964,53.14,1814,96.49,58,3.09,8,0.43,1880,100.0,18,18-MARIA ELENA,1086,1086-DE ANTOFAGASTA
DE ANTOFAGASTA,MEJILLONES,747,19.33,589,15.24,350,9.06,200,5.18,52,1.35,270,6.99,1656,42.86,3864,98.85,30,0.77,15,0.38,3909,100.0,12,12-MEJILLONES,1086,1086-DE ANTOFAGASTA
DE ANTOFAGASTA,OLLAGUE,29,7.86,53,14.36,25,6.78,12,3.25,3,0.81,27,7.32,220,59.62,369,99.19,2,0.54,1,0.27,372,100.0,16,16-OLLAGUE,1086,1086-DE ANTOFAGASTA
DE ANTOFAGASTA,SAN PEDRO DE ATACAMA,849,26.18,453,13.97,370,11.41,187,5.77,66,2.04,215,6.63,1103,34.01,3243,97.98,42,1.27,25,0.76,3310,100.0,23339,23339-SAN PEDRO DE ATACAMA,1086,1086-DE ANTOFAGASTA
DE ANTOFAGASTA,SIERRA GORDA,102,15.94,132,20.62,79,12.34,27,4.22,5,0.78,61,9.53,234,36.56,640,99.38,4,0.62,0,0.0,644,100.0,13,13-SIERRA GORDA,1086,1086-DE ANTOFAGASTA
DE ANTOFAGASTA,TALTAL,851,23.67,720,20.02,602,16.74,188,5.23,56,1.56,273,7.59,906,25.19,3596,98.49,33,0.9,22,0.6,3651,100.0,23528,23528-TALTAL,1086,1086-DE ANTOFAGASTA
DE ANTOFAGASTA,TOCOPILLA,1508,18.2,1189,14.35,913,11.02,477,5.76,105,1.27,651,7.86,3444,41.56,8287,98.68,77,0.92,34,0.4,8398,100.0,19,19-TOCOPILLA,1086,1086-DE ANTOFAGASTA
DE ATACAMA,total,20401,19.26,18991,17.93,27428,25.9,7092,6.7,1324,1.25,5307,5.01,25355,23.94,105898,98.97,737,0.69,367,0.34,107002,100.0,-99,total,1089,1089-DE ATACAMA
DE ATACAMA,ALTO DEL CARMEN,260,13.44,265,13.7,891,46.05,87,4.5,11,0.57,56,2.89,365,18.86,1935,98.52,15,0.76,14,0.71,1964,100.0,25,25-ALTO DEL CARMEN,1089,1089-DE ATACAMA
DE ATACAMA,CALDERA,1516,21.05,1263,17.53,1680,23.32,440,6.11,105,1.46,458,6.36,1741,24.17,7203,98.79,50,0.69,38,0.52,7291,100.0,22526,22526-CALDERA,1089,1089-DE ATACAMA
DE ATACAMA,CHAÑARAL,1053,21.63,702,14.42,1273,26.14,278,5.71,51,1.05,263,5.4,1249,25.65,4869,98.68,45,0.91,20,0.41,4934,100.0,22525,22525-CHAÑARAL,1089,1089-DE ATACAMA
DE ATACAMA,COPIAPO,11766,21.05,11840,21.18,10378,18.57,4342,7.77,786,1.41,3226,5.77,13555,24.25,55893,99.05,376,0.67,160,0.28,56429,100.0,23,23-COPIAPO,1089,1089-DE ATACAMA
DE ATACAMA,DIEGO DE ALMAGRO,1085,23.44,561,12.12,987,21.33,192,4.15,73,1.58,244,5.27,1486,32.11,4628,98.59,46,0.98,20,0.43,4694,100.0,21,21-DIEGO DE ALMAGRO,1089,1089-DE ATACAMA
DE ATACAMA,FREIRINA,425,16.12,305,11.57,1168,44.31,135,5.12,22,0.83,69,2.62,512,19.42,2636,98.91,17,0.64,12,0.45,2665,100.0,22528,22528-FREIRINA,1089,1089-DE ATACAMA
DE ATACAMA,HUASCO,641,16.58,538,13.92,1309,33.87,196,5.07,58,1.5,193,4.99,930,24.06,3865,98.77,33,0.84,15,0.38,3913,100.0,22531,22531-HUASCO,1089,1089-DE ATACAMA
DE ATACAMA,TIERRA AMARILLA,849,16.96,737,14.72,1163,23.23,318,6.35,45,0.9,279,5.57,1616,32.27,5007,98.7,43,0.85,23,0.45,5073,100.0,24,24-TIERRA AMARILLA,1089,1089-DE ATACAMA
DE ATACAMA,VALLENAR,2806,14.13,2780,14.0,8579,43.19,1104,5.56,173,0.87,519,2.61,3901,19.64,19862,99.12,112,0.56,65,0.32,20039,100.0,28,28-VALLENAR,1089,1089-DE ATACAMA
DE COQUIMBO,total,68205,25.89,56999,21.64,35992,13.66,27410,10.41,3735,1.42,18787,7.13,52294,19.85,263422,98.7,2142,0.8,1328,0.5,266892,100.0,-99,total,1090,1090-DE COQUIMBO
DE COQUIMBO,ANDACOLLO,1181,25.73,661,14.4,797,17.36,307,6.69,64,1.39,408,8.89,1172,25.53,4590,97.66,61,1.3,49,1.04,4700,100.0,66,66-ANDACOLLO,1090,1090-DE COQUIMBO
DE COQUIMBO,CANELA,1161,30.33,663,17.32,851,22.23,294,7.68,46,1.2,134,3.5,679,17.74,3828,98.08,39,1.0,36,0.92,3903,100.0,62,62-CANELA,1090,1090-DE COQUIMBO
DE COQUIMBO,COMBARBALA,1212,24.44,885,17.85,1270,25.61,377,7.6,67,1.35,211,4.25,937,18.89,4959,97.75,56,1.1,58,1.14,5073,100.0,72,72-COMBARBALA,1090,1090-DE COQUIMBO
DE COQUIMBO,COQUIMBO,18946,26.32,15848,22.02,7919,11.0,7474,10.38,1052,1.46,5792,8.05,14955,20.77,71986,98.8,561,0.77,313,0.43,72860,100.0,67,67-COQUIMBO,1090,1090-DE COQUIMBO
DE COQUIMBO,ILLAPEL,3146,26.44,1953,16.41,2104,17.68,1061,8.92,150,1.26,746,6.27,2738,23.01,11898,98.74,82,0.68,70,0.58,12050,100.0,63,63-ILLAPEL,1090,1090-DE COQUIMBO
DE COQUIMBO,LA HIGUERA,459,26.41,322,18.53,296,17.03,109,6.27,30,1.73,116,6.67,406,23.36,1738,97.26,23,1.29,26,1.45,1787,100.0,68,68-LA HIGUERA,1090,1090-DE COQUIMBO
DE COQUIMBO,LA SERENA,23116,27.84,20297,24.44,9044,10.89,10034,12.08,1218,1.47,5562,6.7,13763,16.58,83034,99.06,532,0.63,255,0.3,83821,100.0,69,69-LA SERENA,1090,1090-DE COQUIMBO
DE COQUIMBO,LOS VILOS,2142,27.26,1431,18.21,1331,16.94,801,10.19,150,1.91,659,8.39,1345,17.11,7859,98.53,75,0.94,42,0.53,7976,100.0,64,64-LOS VILOS,1090,1090-DE COQUIMBO
DE COQUIMBO,MONTE PATRIA,1972,19.66,1896,18.91,1837,18.32,794,7.92,185,1.84,748,7.46,2596,25.89,10028,98.09,115,1.12,80,0.78,10223,100.0,73,73-MONTE PATRIA,1090,1090-DE COQUIMBO
DE COQUIMBO,OVALLE,8759,23.88,7746,21.12,5571,15.19,3740,10.2,420,1.15,2765,7.54,7672,20.92,36673,98.65,310,0.83,192,0.52,37175,100.0,74,74-OVALLE,1090,1090-DE COQUIMBO
DE COQUIMBO,PAIHUANO,576,27.6,488,23.38,289,13.85,274,13.13,37,1.77,146,7.0,277,13.27,2087,98.54,17,0.8,14,0.66,2118,100.0,70,70-PAIHUANO,1090,1090-DE COQUIMBO
DE COQUIMBO,PUNITAQUI,819,20.26,682,16.87,709,17.54,296,7.32,31,0.77,262,6.48,1244,30.77,4043,97.85,44,1.06,45,1.09,4132,100.0,75,75-PUNITAQUI,1090,1090-DE COQUIMBO
DE COQUIMBO,RIO HURTADO,327,18.65,365,20.82,396,22.59,195,11.12,20,1.14,124,7.07,326,18.6,1753,97.99,23,1.29,13,0.73,1789,100.0,76,76-RIO HURTADO,1090,1090-DE COQUIMBO
DE COQUIMBO,SALAMANCA,2134,21.72,2017,20.53,1610,16.39,832,8.47,141,1.44,577,5.87,2512,25.57,9823,98.42,85,0.85,73,0.73,9981,100.0,65,65-SALAMANCA,1090,1090-DE COQUIMBO
DE COQUIMBO,VICUÑA,2255,24.72,1745,19.13,1968,21.57,822,9.01,124,1.36,537,5.89,1672,18.33,9123,98.05,119,1.28,62,0.67,9304,100.0,71,71-VICUÑA,1090,1090-DE COQUIMBO
DE VALPARAISO,total,223387,28.14,211894,26.69,81846,10.31,95659,12.05,13248,1.67,63820,8.04,104012,13.1,793866,98.86,6299,0.78,2817,0.35,802982,100.0,-99,total,1091,1091-DE VALPARAISO
DE VALPARAISO,ALGARROBO,1978,24.26,2877,35.28,817,10.02,1352,16.58,90,1.1,472,5.79,568,6.97,8154,99.23,43,0.52,20,0.24,8217,100.0,183,183-ALGARROBO,1091,1091-DE VALPARAISO
DE VALPARAISO,CABILDO,2322,29.93,1427,18.39,1258,16.21,663,8.54,101,1.3,680,8.76,1308,16.86,7759,98.5,76,0.96,42,0.53,7877,100.0,171,171-CABILDO,1091,1091-DE VALPARAISO
DE VALPARAISO,CALERA,5607,26.2,4012,18.75,2027,9.47,2066,9.66,276,1.29,2442,11.41,4967,23.21,21397,98.73,201,0.93,75,0.35,21673,100.0,176,176-CALERA,1091,1091-DE VALPARAISO
DE VALPARAISO,CALLE LARGA,1304,20.7,1365,21.66,942,14.95,736,11.68,91,1.44,620,9.84,1243,19.73,6301,97.86,98,1.52,40,0.62,6439,100.0,18293,18293-CALLE LARGA,1091,1091-DE VALPARAISO
DE VALPARAISO,CARTAGENA,2188,25.07,2321,26.59,1173,13.44,971,11.13,158,1.81,1040,11.92,877,10.05,8728,98.81,68,0.77,37,0.42,8833,100.0,184,184-CARTAGENA,1091,1091-DE VALPARAISO
DE VALPARAISO,CASABLANCA,2850,26.34,3330,30.78,1254,11.59,1386,12.81,151,1.4,768,7.1,1081,9.99,10820,98.63,106,0.97,44,0.4,10970,100.0,195,195-CASABLANCA,1091,1091-DE VALPARAISO
DE VALPARAISO,CATEMU,1220,23.75,990,19.28,663,12.91,591,11.51,47,0.92,483,9.4,1142,22.24,5136,98.07,62,1.18,39,0.74,5237,100.0,189,189-CATEMU,1091,1091-DE VALPARAISO
DE VALPARAISO,CONCON,5100,20.57,9357,37.74,2029,8.18,4702,18.96,227,0.92,1251,5.05,2128,8.58,24794,99.14,138,0.55,76,0.3,25008,100.0,196,196-CONCON,1091,1091-DE VALPARAISO
DE VALPARAISO,EL QUISCO,2406,30.99,2027,26.11,815,10.5,1022,13.17,123,1.58,663,8.54,707,9.11,7763,99.19,44,0.56,19,0.24,7826,100.0,185,185-EL QUISCO,1091,1091-DE VALPARAISO
DE VALPARAISO,EL TABO,2224,31.37,1791,25.26,840,11.85,799,11.27,141,1.99,759,10.71,535,7.55,7089,99.22,38,0.53,18,0.25,7145,100.0,186,186-EL TABO,1091,1091-DE VALPARAISO
DE VALPARAISO,HIJUELAS,1454,19.87,1725,23.58,762,10.42,778,10.63,59,0.81,644,8.8,1894,25.89,7316,98.57,72,0.97,34,0.46,7422,100.0,177,177-HIJUELAS,1091,1091-DE VALPARAISO
DE VALPARAISO,ISLA DE PASCUA,972,33.59,581,20.08,352,12.16,314,10.85,41,1.42,323,11.16,311,10.75,2894,95.61,60,1.98,73,2.41,3027,100.0,18434,18434-ISLA DE PASCUA,1091,1091-DE VALPARAISO
DE VALPARAISO,JUAN FERNANDEZ,144,45.43,61,19.24,37,11.67,42,13.25,5,1.58,22,6.94,6,1.89,317,98.75,1,0.31,3,0.93,321,100.0,18680,18680-JUAN FERNANDEZ,1091,1091-DE VALPARAISO
DE VALPARAISO,LA CRUZ,2124,23.13,2639,28.74,808,8.8,1249,13.6,100,1.09,646,7.04,1616,17.6,9182,99.24,53,0.57,17,0.18,9252,100.0,178,178-LA CRUZ,1091,1091-DE VALPARAISO
DE VALPARAISO,LA LIGUA,4229,29.16,3165,21.83,1896,13.07,1680,11.59,195,1.34,1079,7.44,2257,15.56,14501,98.82,114,0.78,59,0.4,14674,100.0,172,172-LA LIGUA,1091,1091-DE VALPARAISO
DE VALPARAISO,LIMACHE,5243,27.14,5735,29.69,1791,9.27,2418,12.52,280,1.45,1295,6.7,2555,13.23,19317,98.73,170,0.87,79,0.4,19566,100.0,179,179-LIMACHE,1091,1091-DE VALPARAISO
DE VALPARAISO,LLAILLAY,2900,28.33,1688,16.49,1441,14.08,1006,9.83,169,1.65,974,9.51,2060,20.12,10238,98.33,125,1.2,49,0.47,10412,100.0,190,190-LLAILLAY,1091,1091-DE VALPARAISO
DE VALPARAISO,LOS ANDES,7177,24.65,7144,24.53,3240,11.13,3590,12.33,330,1.13,2268,7.79,5369,18.44,29118,98.64,279,0.95,122,0.41,29519,100.0,168,168-LOS ANDES,1091,1091-DE VALPARAISO
DE VALPARAISO,NOGALES,2325,25.1,1501,16.21,1094,11.81,925,9.99,130,1.4,899,9.71,2388,25.78,9262,98.77,60,0.64,55,0.59,9377,100.0,180,180-NOGALES,1091,1091-DE VALPARAISO
DE VALPARAISO,OLMUE,1925,24.48,2624,33.37,760,9.66,1000,12.72,101,1.28,561,7.13,893,11.36,7864,98.58,69,0.86,44,0.55,7977,100.0,181,181-OLMUE,1091,1091-DE VALPARAISO
DE VALPARAISO,PANQUEHUE,714,21.82,870,26.59,389,11.89,331,10.12,28,0.86,229,7.0,711,21.73,3272,98.26,33,0.99,25,0.75,3330,100.0,191,191-PANQUEHUE,1091,1091-DE VALPARAISO
DE VALPARAISO,PAPUDO,869,24.04,904,25.01,497,13.75,658,18.2,34,0.94,195,5.39,458,12.67,3615,99.34,14,0.38,10,0.27,3639,100.0,173,173-PAPUDO,1091,1091-DE VALPARAISO
DE VALPARAISO,PETORCA,1175,28.74,671,16.41,712,17.41,361,8.83,54,1.32,374,9.15,742,18.15,4089,98.13,48,1.15,30,0.72,4167,100.0,174,174-PETORCA,1091,1091-DE VALPARAISO
DE VALPARAISO,PUCHUNCAVI,2319,26.42,1920,21.87,907,10.33,1357,15.46,126,1.44,793,9.03,1357,15.46,8779,98.97,64,0.72,27,0.3,8870,100.0,23471,23471-PUCHUNCAVI,1091,1091-DE VALPARAISO
DE VALPARAISO,PUTAENDO,1807,28.03,1382,21.44,1031,15.99,628,9.74,119,1.85,536,8.31,944,14.64,6447,98.47,64,0.98,36,0.55,6547,100.0,192,192-PUTAENDO,1091,1091-DE VALPARAISO
DE VALPARAISO,QUILLOTA,9253,25.38,9930,27.23,3514,9.64,4514,12.38,565,1.55,3009,8.25,5680,15.58,36465,98.88,298,0.81,116,0.31,36879,100.0,182,182-QUILLOTA,1091,1091-DE VALPARAISO
DE VALPARAISO,QUILPUE,20730,29.53,19866,28.3,6164,8.78,8511,12.12,1075,1.53,5615,8.0,8245,11.74,70206,99.01,515,0.73,188,0.27,70909,100.0,199,199-QUILPUE,1091,1091-DE VALPARAISO
DE VALPARAISO,QUINTERO,3086,25.21,2997,24.49,1165,9.52,1237,10.11,186,1.52,1281,10.47,2288,18.69,12240,98.83,89,0.72,56,0.45,12385,100.0,200,200-QUINTERO,1091,1091-DE VALPARAISO
DE VALPARAISO,RINCONADA,1097,21.23,1415,27.39,710,13.74,644,12.46,63,1.22,375,7.26,863,16.7,5167,99.02,24,0.46,27,0.52,5218,100.0,169,169-RINCONADA,1091,1091-DE VALPARAISO
DE VALPARAISO,SAN ANTONIO,11916,30.79,6985,18.05,5075,13.12,3455,8.93,1038,2.68,4312,11.14,5914,15.28,38695,98.82,323,0.82,139,0.35,39157,100.0,187,187-SAN ANTONIO,1091,1091-DE VALPARAISO
DE VALPARAISO,SAN ESTEBAN,1726,20.88,1816,21.96,1240,15.0,1006,12.17,93,1.12,594,7.18,1793,21.69,8268,98.42,90,1.07,43,0.51,8401,100.0,170,170-SAN ESTEBAN,1091,1091-DE VALPARAISO
DE VALPARAISO,SAN FELIPE,7691,26.07,7542,25.56,3280,11.12,3253,11.03,425,1.44,2200,7.46,5113,17.33,29504,98.76,239,0.8,132,0.44,29875,100.0,193,193-SAN FELIPE,1091,1091-DE VALPARAISO
DE VALPARAISO,SANTA MARIA,1149,19.38,1343,22.66,1017,17.16,770,12.99,59,1.0,449,7.57,1141,19.25,5928,97.9,85,1.4,42,0.69,6055,100.0,194,194-SANTA MARIA,1091,1091-DE VALPARAISO
DE VALPARAISO,SANTO DOMINGO,1281,17.32,3000,40.55,828,11.19,1333,18.02,58,0.78,395,5.34,503,6.8,7398,99.09,46,0.62,22,0.29,7466,100.0,188,188-SANTO DOMINGO,1091,1091-DE VALPARAISO
DE VALPARAISO,VALPARAISO,45684,35.25,30484,23.52,12931,9.98,12302,9.49,3301,2.55,11393,8.79,13507,10.42,129602,98.81,1129,0.86,438,0.33,131169,100.0,201,201-VALPARAISO,1091,1091-DE VALPARAISO
DE VALPARAISO,VILLA ALEMANA,14351,28.05,15343,29.99,4365,8.53,5754,11.25,852,1.67,3950,7.72,6545,12.79,51160,99.05,366,0.71,125,0.24,51651,100.0,202,202-VILLA ALEMANA,1091,1091-DE VALPARAISO
DE VALPARAISO,VIÑA DEL MAR,41778,27.91,47235,31.56,13555,9.06,20944,13.99,2319,1.55,9962,6.66,13873,9.27,149666,99.1,964,0.64,401,0.27,151031,100.0,203,203-VIÑA DEL MAR,1091,1091-DE VALPARAISO
DE VALPARAISO,ZAPALLAR,1069,19.74,1831,33.81,467,8.62,1311,24.21,38,0.7,269,4.97,430,7.94,5415,99.16,31,0.57,15,0.27,5461,100.0,175,175-ZAPALLAR,1091,1091-DE VALPARAISO
METROPOLITANA DE SANTIAGO,total,892528,31.02,721348,25.07,294981,10.25,439857,15.29,51162,1.78,256649,8.92,220529,7.67,2877054,98.96,21024,0.72,9196,0.32,2907274,100.0,-99,total,1092,1092-METROPOLITANA DE SANTIAGO
METROPOLITANA DE SANTIAGO,ALHUE,636,25.6,467,18.8,520,20.93,320,12.88,31,1.25,151,6.08,359,14.45,2484,98.61,19,0.75,16,0.64,2519,100.0,298,298-ALHUE,1092,1092-METROPOLITANA DE SANTIAGO
METROPOLITANA DE SANTIAGO,BUIN,10500,26.59,11636,29.46,3809,9.64,4609,11.67,513,1.3,3189,8.07,5237,13.26,39493,98.47,481,1.2,132,0.33,40106,100.0,294,294-BUIN,1092,1092-METROPOLITANA DE SANTIAGO
METROPOLITANA DE SANTIAGO,CALERA DE TANGO,2586,24.62,3596,34.23,1067,10.16,1693,16.12,115,1.09,693,6.6,754,7.18,10504,99.07,59,0.56,40,0.38,10603,100.0,295,295-CALERA DE TANGO,1092,1092-METROPOLITANA DE SANTIAGO
METROPOLITANA DE SANTIAGO,CERRILLOS,9637,31.36,7190,23.4,2971,9.67,3812,12.4,593,1.93,3536,11.51,2994,9.74,30733,99.0,221,0.71,88,0.28,31042,100.0,303,303-CERRILLOS,1092,1092-METROPOLITANA DE SANTIAGO
METROPOLITANA DE SANTIAGO,CERRO NAVIA,15350,31.7,8802,18.18,5813,12.0,4615,9.53,1435,2.96,7016,14.49,5398,11.15,48429,98.81,360,0.73,222,0.45,49011,100.0,304,304-CERRO NAVIA,1092,1092-METROPOLITANA DE SANTIAGO
METROPOLITANA DE SANTIAGO,COLINA,7968,17.1,18095,38.84,3522,7.56,9621,20.65,385,0.83,3011,6.46,3987,8.56,46589,99.02,293,0.62,169,0.36,47051,100.0,288,288-COLINA,1092,1092-METROPOLITANA DE SANTIAGO
METROPOLITANA DE SANTIAGO,CONCHALI,17619,33.2,10987,20.7,5973,11.26,6007,11.32,1156,2.18,6538,12.32,4786,9.02,53066,98.87,410,0.76,194,0.36,53670,100.0,305,305-CONCHALI,1092,1092-METROPOLITANA DE SANTIAGO
METROPOLITANA DE SANTIAGO,CURACAVI,3875,28.83,3664,27.26,1661,12.36,1831,13.62,168,1.25,1002,7.46,1238,9.21,13439,98.74,96,0.71,75,0.55,13610,100.0,299,299-CURACAVI,1092,1092-METROPOLITANA DE SANTIAGO
METROPOLITANA DE SANTIAGO,EL BOSQUE,18777,30.77,13457,22.05,7127,11.68,6539,10.71,1207,1.98,7734,12.67,6186,10.14,61027,98.88,483,0.78,209,0.34,61719,100.0,306,306-EL BOSQUE,1092,1092-METROPOLITANA DE SANTIAGO
METROPOLITANA DE SANTIAGO,EL MONTE,3596,26.97,3130,23.48,1764,13.23,1458,10.94,204,1.53,1289,9.67,1890,14.18,13331,98.29,149,1.1,83,0.61,13563,100.0,335,335-EL MONTE,1092,1092-METROPOLITANA DE SANTIAGO
METROPOLITANA DE SANTIAGO,ESTACION CENTRAL,18230,34.63,12049,22.89,5736,10.9,6345,12.05,1163,2.21,5491,10.43,3632,6.9,52646,98.53,591,1.11,194,0.36,53431,100.0,18258,18258-ESTACION CENTRAL,1092,1092-METROPOLITANA DE SANTIAGO
METROPOLITANA DE SANTIAGO,HUECHURABA,11004,27.66,9452,23.76,4524,11.37,6760,16.99,771,1.94,4067,10.22,3205,8.06,39783,98.84,308,0.77,158,0.39,40249,100.0,308,308-HUECHURABA,1092,1092-METROPOLITANA DE SANTIAGO
METROPOLITANA DE SANTIAGO,INDEPENDENCIA,11569,34.45,8327,24.8,3414,10.17,4646,13.83,749,2.23,2802,8.34,2076,6.18,33583,99.1,208,0.61,97,0.29,33888,100.0,309,309-INDEPENDENCIA,1092,1092-METROPOLITANA DE SANTIAGO
METROPOLITANA DE SANTIAGO,ISLA DE MAIPO,3466,25.23,3638,26.49,1827,13.3,1733,12.62,199,1.45,1367,9.95,1505,10.96,13735,98.79,98,0.7,70,0.5,13903,100.0,336,336-ISLA DE MAIPO,1092,1092-METROPOLITANA DE SANTIAGO
METROPOLITANA DE SANTIAGO,LA CISTERNA,13048,33.23,9830,25.04,4101,10.45,5577,14.21,733,1.87,3410,8.69,2561,6.52,39260,99.03,308,0.78,78,0.2,39646,100.0,310,310-LA CISTERNA,1092,1092-METROPOLITANA DE SANTIAGO
METROPOLITANA DE SANTIAGO,LA FLORIDA,58280,36.42,33562,20.98,16861,10.54,23602,14.75,3003,1.88,13959,8.72,10735,6.71,160002,99.06,1081,0.67,431,0.27,161514,100.0,311,311-LA FLORIDA,1092,1092-METROPOLITANA DE SANTIAGO
METROPOLITANA DE SANTIAGO,LA GRANJA,14887,33.19,8105,18.07,5911,13.18,4555,10.16,1002,2.23,5652,12.6,4742,10.57,44854,98.9,367,0.81,132,0.29,45353,100.0,312,312-LA GRANJA,1092,1092-METROPOLITANA DE SANTIAGO
METROPOLITANA DE SANTIAGO,LA PINTANA,16058,29.27,9033,16.46,7562,13.78,4581,8.35,1240,2.26,9026,16.45,7371,13.43,54871,98.5,559,1.0,274,0.49,55704,100.0,313,313-LA PINTANA,1092,1092-METROPOLITANA DE SANTIAGO
METROPOLITANA DE SANTIAGO,LA REINA,15721,27.9,17036,30.23,6293,11.17,13727,24.36,574,1.02,1779,3.16,1222,2.17,56352,99.23,290,0.51,150,0.26,56792,100.0,314,314-LA REINA,1092,1092-METROPOLITANA DE SANTIAGO
METROPOLITANA DE SANTIAGO,LAMPA,7393,25.66,7309,25.37,2752,9.55,3677,12.76,456,1.58,3219,11.17,4002,13.89,28808,98.86,212,0.73,121,0.42,29141,100.0,289,289-LAMPA,1092,1092-METROPOLITANA DE SANTIAGO
METROPOLITANA DE SANTIAGO,LAS CONDES,22095,12.95,78095,45.78,12345,7.24,53090,31.12,598,0.35,2553,1.5,1826,1.07,170602,99.38,716,0.42,343,0.2,171661,100.0,315,315-LAS CONDES,1092,1092-METROPOLITANA DE SANTIAGO
METROPOLITANA DE SANTIAGO,LO BARNECHEA,4617,8.43,28309,51.68,2570,4.69,16644,30.38,200,0.37,1249,2.28,1189,2.17,54778,99.52,164,0.3,102,0.19,55044,100.0,316,316-LO BARNECHEA,1092,1092-METROPOLITANA DE SANTIAGO
METROPOLITANA DE SANTIAGO,LO ESPEJO,12548,33.32,6383,16.95,4582,12.17,3233,8.59,923,2.45,5690,15.11,4296,11.41,37655,98.79,298,0.78,164,0.43,38117,100.0,317,317-LO ESPEJO,1092,1092-METROPOLITANA DE SANTIAGO
METROPOLITANA DE SANTIAGO,LO PRADO,12923,32.54,7554,19.02,4785,12.05,4389,11.05,910,2.29,5272,13.28,3878,9.77,39711,98.47,449,1.11,166,0.41,40326,100.0,318,318-LO PRADO,1092,1092-METROPOLITANA DE SANTIAGO
METROPOLITANA DE SANTIAGO,MACUL,19448,35.96,11868,21.94,5998,11.09,8391,15.51,963,1.78,4314,7.98,3103,5.74,54085,99.1,350,0.64,139,0.25,54574,100.0,319,319-MACUL,1092,1092-METROPOLITANA DE SANTIAGO
METROPOLITANA DE SANTIAGO,MAIPU,75642,36.65,42676,20.68,19369,9.38,25976,12.58,4162,2.02,20920,10.14,17660,8.56,206405,99.03,1426,0.68,600,0.29,208431,100.0,320,320-MAIPU,1092,1092-METROPOLITANA DE SANTIAGO
METROPOLITANA DE SANTIAGO,MARIA PINTO,1507,27.36,1503,27.28,750,13.61,793,14.39,52,0.94,419,7.61,485,8.8,5509,98.89,30,0.54,32,0.57,5571,100.0,300,300-MARIA PINTO,1092,1092-METROPOLITANA DE SANTIAGO
METROPOLITANA DE SANTIAGO,MELIPILLA,10619,25.94,12241,29.9,4809,11.75,5548,13.55,590,1.44,2810,6.86,4324,10.56,40941,98.73,335,0.81,190,0.46,41466,100.0,301,301-MELIPILLA,1092,1092-METROPOLITANA DE SANTIAGO
METROPOLITANA DE SANTIAGO,ÑUÑOA,48160,39.43,29426,24.09,12316,10.08,23111,18.92,1822,1.49,4561,3.73,2750,2.25,122146,99.29,601,0.49,276,0.22,123023,100.0,321,321-ÑUÑOA,1092,1092-METROPOLITANA DE SANTIAGO
METROPOLITANA DE SANTIAGO,PADRE HURTADO,7120,28.75,5178,20.91,2626,10.6,2775,11.2,418,1.69,3123,12.61,3527,14.24,24767,98.87,195,0.78,87,0.35,25049,100.0,337,337-PADRE HURTADO,1092,1092-METROPOLITANA DE SANTIAGO
METROPOLITANA DE SANTIAGO,PAINE,7020,26.52,8429,31.85,2699,10.2,2743,10.36,266,1.0,2099,7.93,3212,12.14,26468,98.76,208,0.78,125,0.47,26801,100.0,296,296-PAINE,1092,1092-METROPOLITANA DE SANTIAGO
METROPOLITANA DE SANTIAGO,PEDRO AGUIRRE CERDA,17002,37.99,7566,16.91,5047,11.28,4532,10.13,1400,3.13,5661,12.65,3541,7.91,44749,98.49,396,0.87,288,0.63,45433,100.0,322,322-PEDRO AGUIRRE CERDA,1092,1092-METROPOLITANA DE SANTIAGO
METROPOLITANA DE SANTIAGO,PEÑAFLOR,10886,29.41,7694,20.79,4238,11.45,4229,11.43,599,1.62,4264,11.52,5103,13.79,37013,98.87,290,0.77,132,0.35,37435,100.0,338,338-PEÑAFLOR,1092,1092-METROPOLITANA DE SANTIAGO
METROPOLITANA DE SANTIAGO,PEÑALOLEN,30779,32.42,19456,20.49,11182,11.78,14942,15.74,1664,1.75,9789,10.31,7119,7.5,94931,98.93,685,0.71,342,0.36,95958,100.0,323,323-PEÑALOLEN,1092,1092-METROPOLITANA DE SANTIAGO
METROPOLITANA DE SANTIAGO,PIRQUE,3587,28.2,3614,28.41,1504,11.82,1992,15.66,151,1.19,1025,8.06,849,6.67,12722,99.0,85,0.66,44,0.34,12851,100.0,291,291-PIRQUE,1092,1092-METROPOLITANA DE SANTIAGO
METROPOLITANA DE SANTIAGO,PROVIDENCIA,29002,30.23,30223,31.5,10313,10.75,22196,23.14,833,0.87,2063,2.15,1302,1.36,95932,99.37,416,0.43,196,0.2,96544,100.0,324,324-PROVIDENCIA,1092,1092-METROPOLITANA DE SANTIAGO
METROPOLITANA DE SANTIAGO,PUDAHUEL,26745,33.31,15263,19.01,8275,10.31,8815,10.98,2028,2.53,10562,13.15,8610,10.72,80298,98.88,646,0.8,262,0.32,81206,100.0,325,325-PUDAHUEL,1092,1092-METROPOLITANA DE SANTIAGO
METROPOLITANA DE SANTIAGO,PUENTE ALTO,68957,36.27,33904,17.83,18243,9.59,23315,12.26,4075,2.14,22299,11.73,19351,10.18,190144,98.81,1748,0.91,546,0.28,192438,100.0,292,292-PUENTE ALTO,1092,1092-METROPOLITANA DE SANTIAGO
METROPOLITANA DE SANTIAGO,QUILICURA,22630,32.84,12966,18.82,6869,9.97,8028,11.65,1458,2.12,8281,12.02,8671,12.58,68903,98.79,657,0.94,186,0.27,69746,100.0,326,326-QUILICURA,1092,1092-METROPOLITANA DE SANTIAGO
METROPOLITANA DE SANTIAGO,QUINTA NORMAL,15938,34.95,9937,21.79,4830,10.59,5451,11.95,1068,2.34,5075,11.13,3301,7.24,45600,98.94,362,0.79,128,0.28,46090,100.0,327,327-QUINTA NORMAL,1092,1092-METROPOLITANA DE SANTIAGO
METROPOLITANA DE SANTIAGO,RECOLETA,21859,35.64,13211,21.54,6495,10.59,7216,11.76,1547,2.52,6377,10.4,4634,7.55,61339,98.84,485,0.78,234,0.38,62058,100.0,328,328-RECOLETA,1092,1092-METROPOLITANA DE SANTIAGO
METROPOLITANA DE SANTIAGO,RENCA,16061,31.71,8927,17.63,5984,11.82,4860,9.6,1280,2.53,7297,14.41,6237,12.31,50646,98.53,571,1.11,185,0.36,51402,100.0,329,329-RENCA,1092,1092-METROPOLITANA DE SANTIAGO
METROPOLITANA DE SANTIAGO,SAN BERNARDO,29945,30.69,23430,24.01,10008,10.26,10215,10.47,1693,1.73,11303,11.58,10992,11.26,97586,98.84,802,0.81,342,0.35,98730,100.0,297,297-SAN BERNARDO,1092,1092-METROPOLITANA DE SANTIAGO
METROPOLITANA DE SANTIAGO,SAN JOAQUIN,14987,38.46,6971,17.89,4401,11.29,4367,11.21,953,2.45,4246,10.9,3042,7.81,38967,98.82,321,0.81,143,0.36,39431,100.0,330,330-SAN JOAQUIN,1092,1092-METROPOLITANA DE SANTIAGO
METROPOLITANA DE SANTIAGO,SAN JOSE DE MAIPO,2878,36.16,1617,20.31,1022,12.84,940,11.81,163,2.05,771,9.69,569,7.15,7960,98.37,98,1.21,34,0.42,8092,100.0,293,293-SAN JOSE DE MAIPO,1092,1092-METROPOLITANA DE SANTIAGO
METROPOLITANA DE SANTIAGO,SAN MIGUEL,19876,37.7,12313,23.35,5296,10.05,8201,15.56,1035,1.96,3600,6.83,2401,4.55,52722,99.27,289,0.54,100,0.19,53111,100.0,331,331-SAN MIGUEL,1092,1092-METROPOLITANA DE SANTIAGO
METROPOLITANA DE SANTIAGO,SAN PEDRO,671,18.81,1332,37.33,541,15.16,483,13.54,34,0.95,195,5.47,312,8.74,3568,98.24,36,0.99,28,0.77,3632,100.0,302,302-SAN PEDRO,1092,1092-METROPOLITANA DE SANTIAGO
METROPOLITANA DE SANTIAGO,SAN RAMON,10640,31.56,6373,18.9,4068,12.07,3468,10.29,844,2.5,4739,14.06,3581,10.62,33713,98.62,308,0.9,165,0.48,34186,100.0,332,332-SAN RAMON,1092,1092-METROPOLITANA DE SANTIAGO
METROPOLITANA DE SANTIAGO,SANTIAGO,53453,39.57,34459,25.51,12577,9.31,18640,13.8,3060,2.27,7131,5.28,5754,4.26,135074,99.04,911,0.67,400,0.29,136385,100.0,333,333-SANTIAGO,1092,1092-METROPOLITANA DE SANTIAGO
METROPOLITANA DE SANTIAGO,TALAGANTE,8298,26.72,8109,26.12,3668,11.81,3722,11.99,460,1.48,2986,9.62,3808,12.26,31051,98.65,278,0.88,147,0.47,31476,100.0,339,339-TALAGANTE,1092,1092-METROPOLITANA DE SANTIAGO
METROPOLITANA DE SANTIAGO,TILTIL,1980,27.84,1741,24.48,767,10.79,906,12.74,106,1.49,643,9.04,968,13.61,7111,98.67,69,0.96,27,0.37,7207,100.0,290,290-TILTIL,1092,1092-METROPOLITANA DE SANTIAGO
METROPOLITANA DE SANTIAGO,VITACURA,4455,7.31,31215,51.2,3596,5.9,20938,34.34,110,0.18,401,0.66,254,0.42,60969,99.48,206,0.34,110,0.18,61285,100.0,334,334-VITACURA,1092,1092-METROPOLITANA DE SANTIAGO
DEL LIBERTADOR GENERAL BERNARDO O'HIGGINS,total,87787,24.17,92351,25.42,48255,13.28,50272,13.84,4065,1.12,28294,7.79,52242,14.38,363266,98.48,3348,0.91,2256,0.61,368870,100.0,-99,total,1099,1099-DEL LIBERTADOR GENERAL BERNARDO O'HIGGINS
DEL LIBERTADOR GENERAL BERNARDO O'HIGGINS,CHEPICA,925,18.01,1559,30.35,841,16.37,853,16.61,34,0.66,338,6.58,586,11.41,5136,98.86,34,0.65,25,0.48,5195,100.0,52,52-CHEPICA,1099,1099-DEL LIBERTADOR GENERAL BERNARDO O'HIGGINS
DEL LIBERTADOR GENERAL BERNARDO O'HIGGINS,CHIMBARONGO,2540,19.21,3464,26.2,1980,14.98,1797,13.59,122,0.92,980,7.41,2337,17.68,13220,98.06,143,1.06,119,0.88,13482,100.0,53,53-CHIMBARONGO,1099,1099-DEL LIBERTADOR GENERAL BERNARDO O'HIGGINS
DEL LIBERTADOR GENERAL BERNARDO O'HIGGINS,CODEGUA,1327,24.99,1175,22.13,642,12.09,578,10.89,58,1.09,522,9.83,1008,18.98,5310,98.17,64,1.18,35,0.65,5409,100.0,29,29-CODEGUA,1099,1099-DEL LIBERTADOR GENERAL BERNARDO O'HIGGINS
DEL LIBERTADOR GENERAL BERNARDO O'HIGGINS,COINCO,769,23.51,946,28.92,344,10.52,475,14.52,24,0.73,291,8.9,422,12.9,3271,98.2,37,1.11,23,0.69,3331,100.0,30,30-COINCO,1099,1099-DEL LIBERTADOR GENERAL BERNARDO O'HIGGINS
DEL LIBERTADOR GENERAL BERNARDO O'HIGGINS,COLTAUCO,1526,21.44,1880,26.41,974,13.68,943,13.25,74,1.04,582,8.18,1139,16.0,7118,98.64,59,0.82,39,0.54,7216,100.0,31,31-COLTAUCO,1099,1099-DEL LIBERTADOR GENERAL BERNARDO O'HIGGINS
DEL LIBERTADOR GENERAL BERNARDO O'HIGGINS,DOÑIHUE,2293,26.49,1975,22.82,1009,11.66,1085,12.54,93,1.07,760,8.78,1440,16.64,8655,98.69,69,0.79,46,0.52,8770,100.0,32,32-DOÑIHUE,1099,1099-DEL LIBERTADOR GENERAL BERNARDO O'HIGGINS
DEL LIBERTADOR GENERAL BERNARDO O'HIGGINS,GRANEROS,3724,27.9,2891,21.66,1517,11.36,1479,11.08,153,1.15,1348,10.1,2238,16.76,13350,98.3,166,1.22,65,0.48,13581,100.0,34,34-GRANEROS,1099,1099-DEL LIBERTADOR GENERAL BERNARDO O'HIGGINS
DEL LIBERTADOR GENERAL BERNARDO O'HIGGINS,LA ESTRELLA,406,22.47,514,28.44,326,18.04,301,16.66,19,1.05,113,6.25,128,7.08,1807,98.05,12,0.65,24,1.3,1843,100.0,46,46-LA ESTRELLA,1099,1099-DEL LIBERTADOR GENERAL BERNARDO O'HIGGINS
DEL LIBERTADOR GENERAL BERNARDO O'HIGGINS,LAS CABRAS,1993,22.5,2392,27.01,1471,16.61,1282,14.48,104,1.17,779,8.8,835,9.43,8856,97.88,95,1.05,97,1.07,9048,100.0,35,35-LAS CABRAS,1099,1099-DEL LIBERTADOR GENERAL BERNARDO O'HIGGINS
DEL LIBERTADOR GENERAL BERNARDO O'HIGGINS,LITUECHE,673,21.49,935,29.85,615,19.64,470,15.01,31,0.99,200,6.39,208,6.64,3132,98.31,26,0.82,28,0.88,3186,100.0,47,47-LITUECHE,1099,1099-DEL LIBERTADOR GENERAL BERNARDO O'HIGGINS
DEL LIBERTADOR GENERAL BERNARDO O'HIGGINS,LOLOL,568,19.13,812,27.35,654,22.03,569,19.16,18,0.61,120,4.04,228,7.68,2969,98.12,18,0.59,39,1.29,3026,100.0,54,54-LOLOL,1099,1099-DEL LIBERTADOR GENERAL BERNARDO O'HIGGINS
DEL LIBERTADOR GENERAL BERNARDO O'HIGGINS,MACHALI,5093,25.0,5586,27.42,1848,9.07,3171,15.56,172,0.84,1619,7.95,2884,14.16,20373,98.75,165,0.8,93,0.45,20631,100.0,36,36-MACHALI,1099,1099-DEL LIBERTADOR GENERAL BERNARDO O'HIGGINS
DEL LIBERTADOR GENERAL BERNARDO O'HIGGINS,MALLOA,1064,19.8,1691,31.47,794,14.77,682,12.69,43,0.8,414,7.7,686,12.77,5374,98.39,63,1.15,25,0.46,5462,100.0,37,37-MALLOA,1099,1099-DEL LIBERTADOR GENERAL BERNARDO O'HIGGINS
DEL LIBERTADOR GENERAL BERNARDO O'HIGGINS,MARCHIGUE,669,21.81,755,24.61,595,19.39,605,19.72,33,1.08,171,5.57,240,7.82,3068,98.84,15,0.48,21,0.68,3104,100.0,48,48-MARCHIGUE,1099,1099-DEL LIBERTADOR GENERAL BERNARDO O'HIGGINS
DEL LIBERTADOR GENERAL BERNARDO O'HIGGINS,MOSTAZAL,2657,27.4,2281,23.53,1117,11.52,1063,10.96,128,1.32,856,8.83,1594,16.44,9696,98.41,104,1.06,53,0.54,9853,100.0,44,44-MOSTAZAL,1099,1099-DEL LIBERTADOR GENERAL BERNARDO O'HIGGINS
DEL LIBERTADOR GENERAL BERNARDO O'HIGGINS,NANCAGUA,1332,19.61,1661,24.45,1276,18.78,1064,15.66,60,0.88,395,5.81,1006,14.81,6794,98.74,44,0.64,43,0.62,6881,100.0,55,55-NANCAGUA,1099,1099-DEL LIBERTADOR GENERAL BERNARDO O'HIGGINS
DEL LIBERTADOR GENERAL BERNARDO O'HIGGINS,NAVIDAD,807,25.29,761,23.85,622,19.49,527,16.52,53,1.66,217,6.8,204,6.39,3191,98.31,27,0.83,28,0.86,3246,100.0,49,49-NAVIDAD,1099,1099-DEL LIBERTADOR GENERAL BERNARDO O'HIGGINS
DEL LIBERTADOR GENERAL BERNARDO O'HIGGINS,OLIVAR,1324,21.38,1701,27.47,718,11.59,835,13.48,46,0.74,493,7.96,1076,17.37,6193,98.61,55,0.88,32,0.51,6280,100.0,33,33-OLIVAR,1099,1099-DEL LIBERTADOR GENERAL BERNARDO O'HIGGINS
DEL LIBERTADOR GENERAL BERNARDO O'HIGGINS,PALMILLA,819,17.69,1127,24.34,1231,26.58,671,14.49,39,0.84,275,5.94,469,10.13,4631,98.47,32,0.68,40,0.85,4703,100.0,56,56-PALMILLA,1099,1099-DEL LIBERTADOR GENERAL BERNARDO O'HIGGINS
DEL LIBERTADOR GENERAL BERNARDO O'HIGGINS,PAREDONES,634,21.04,752,24.96,708,23.5,523,17.36,24,0.8,155,5.14,217,7.2,3013,97.38,28,0.9,53,1.71,3094,100.0,50,50-PAREDONES,1099,1099-DEL LIBERTADOR GENERAL BERNARDO O'HIGGINS
DEL LIBERTADOR GENERAL BERNARDO O'HIGGINS,PERALILLO,915,20.77,1092,24.79,921,20.91,772,17.53,40,0.91,273,6.2,392,8.9,4405,99.14,21,0.47,17,0.38,4443,100.0,57,57-PERALILLO,1099,1099-DEL LIBERTADOR GENERAL BERNARDO O'HIGGINS
DEL LIBERTADOR GENERAL BERNARDO O'HIGGINS,PEUMO,1500,25.45,1260,21.37,985,16.71,770,13.06,84,1.42,505,8.57,791,13.42,5895,97.76,67,1.11,68,1.13,6030,100.0,38,38-PEUMO,1099,1099-DEL LIBERTADOR GENERAL BERNARDO O'HIGGINS
DEL LIBERTADOR GENERAL BERNARDO O'HIGGINS,PICHIDEGUA,1541,22.61,1614,23.68,1232,18.07,1138,16.69,83,1.22,464,6.81,745,10.93,6817,98.02,48,0.69,90,1.29,6955,100.0,39,39-PICHIDEGUA,1099,1099-DEL LIBERTADOR GENERAL BERNARDO O'HIGGINS
DEL LIBERTADOR GENERAL BERNARDO O'HIGGINS,PICHILEMU,2210,26.41,1996,23.86,1173,14.02,1577,18.85,118,1.41,560,6.69,733,8.76,8367,98.44,78,0.92,55,0.65,8500,100.0,51,51-PICHILEMU,1099,1099-DEL LIBERTADOR GENERAL BERNARDO O'HIGGINS
DEL LIBERTADOR GENERAL BERNARDO O'HIGGINS,PLACILLA,643,16.54,977,25.14,722,18.57,580,14.92,47,1.21,282,7.25,636,16.36,3887,98.11,42,1.06,33,0.83,3962,100.0,58,58-PLACILLA,1099,1099-DEL LIBERTADOR GENERAL BERNARDO O'HIGGINS
DEL LIBERTADOR GENERAL BERNARDO O'HIGGINS,PUMANQUE,356,18.7,534,28.05,383,20.12,346,18.17,27,1.42,133,6.99,125,6.57,1904,98.7,8,0.41,17,0.88,1929,100.0,59,59-PUMANQUE,1099,1099-DEL LIBERTADOR GENERAL BERNARDO O'HIGGINS
DEL LIBERTADOR GENERAL BERNARDO O'HIGGINS,QUINTA DE TILCOCO,1464,25.36,1441,24.96,782,13.55,784,13.58,72,1.25,420,7.28,810,14.03,5773,97.98,60,1.02,59,1.0,5892,100.0,40,40-QUINTA DE TILCOCO,1099,1099-DEL LIBERTADOR GENERAL BERNARDO O'HIGGINS
DEL LIBERTADOR GENERAL BERNARDO O'HIGGINS,RANCAGUA,25622,27.17,22687,24.06,9012,9.56,11856,12.57,1141,1.21,7901,8.38,16075,17.05,94294,98.88,780,0.82,287,0.3,95361,100.0,41,41-RANCAGUA,1099,1099-DEL LIBERTADOR GENERAL BERNARDO O'HIGGINS
DEL LIBERTADOR GENERAL BERNARDO O'HIGGINS,RENGO,5573,24.31,5561,24.25,3314,14.45,2540,11.08,298,1.3,2182,9.52,3461,15.09,22929,98.2,255,1.09,166,0.71,23350,100.0,42,42-RENGO,1099,1099-DEL LIBERTADOR GENERAL BERNARDO O'HIGGINS
DEL LIBERTADOR GENERAL BERNARDO O'HIGGINS,REQUINOA,2120,18.5,3401,29.68,1398,12.2,1380,12.04,107,0.93,909,7.93,2143,18.7,11458,97.29,96,0.82,223,1.89,11777,100.0,43,43-REQUINOA,1099,1099-DEL LIBERTADOR GENERAL BERNARDO O'HIGGINS
DEL LIBERTADOR GENERAL BERNARDO O'HIGGINS,SAN FERNANDO,7173,23.75,8385,27.77,3836,12.7,4240,14.04,372,1.23,2136,7.07,4055,13.43,30197,98.66,259,0.85,150,0.49,30606,100.0,60,60-SAN FERNANDO,1099,1099-DEL LIBERTADOR GENERAL BERNARDO O'HIGGINS
DEL LIBERTADOR GENERAL BERNARDO O'HIGGINS,SAN VICENTE,4515,24.16,4736,25.34,3166,16.94,2779,14.87,218,1.17,1237,6.62,2040,10.91,18691,97.93,293,1.54,102,0.53,19086,100.0,45,45-SAN VICENTE,1099,1099-DEL LIBERTADOR GENERAL BERNARDO O'HIGGINS
DEL LIBERTADOR GENERAL BERNARDO O'HIGGINS,SANTA CRUZ,3012,22.32,3809,28.23,2049,15.19,2537,18.8,130,0.96,664,4.92,1291,9.57,13492,98.93,85,0.62,61,0.45,13638,100.0,61,61-SANTA CRUZ,1099,1099-DEL LIBERTADOR GENERAL BERNARDO O'HIGGINS
DEL MAULE,total,78911,19.57,127027,31.5,56249,13.95,54919,13.62,3782,0.94,27457,6.81,54961,13.63,403306,98.47,3835,0.94,2417,0.59,409558,100.0,-99,total,1098,1098-DEL MAULE
DEL MAULE,CAUQUENES,1999,12.79,7100,45.42,1967,12.58,2379,15.22,113,0.72,762,4.87,1311,8.39,15631,98.06,182,1.14,127,0.8,15940,100.0,258,258-CAUQUENES,1098,1098-DEL MAULE
DEL MAULE,CHANCO,462,13.03,1719,48.48,583,16.44,391,11.03,16,0.45,140,3.95,235,6.63,3546,97.04,63,1.72,45,1.23,3654,100.0,259,259-CHANCO,1098,1098-DEL MAULE
DEL MAULE,COLBUN,1512,19.98,2140,28.28,1198,15.83,834,11.02,76,1.0,674,8.91,1132,14.96,7566,97.76,94,1.21,79,1.02,7739,100.0,270,270-COLBUN,1098,1098-DEL MAULE
DEL MAULE,CONSTITUCION,2927,16.78,4469,25.61,2754,15.78,2062,11.82,188,1.08,1188,6.81,3860,22.12,17448,98.29,181,1.02,122,0.69,17751,100.0,278,278-CONSTITUCION,1098,1098-DEL MAULE
DEL MAULE,CUREPTO,887,22.0,1062,26.34,842,20.88,630,15.62,35,0.87,191,4.74,385,9.55,4032,97.65,56,1.36,41,0.99,4129,100.0,279,279-CUREPTO,1098,1098-DEL MAULE
DEL MAULE,CURICO,12531,21.69,17171,29.72,6936,12.0,7992,13.83,642,1.11,4656,8.06,7855,13.59,57783,98.8,450,0.77,253,0.43,58486,100.0,261,261-CURICO,1098,1098-DEL MAULE
DEL MAULE,EMPEDRADO,123,6.81,855,47.32,235,13.0,194,10.74,6,0.33,94,5.2,300,16.6,1807,98.47,17,0.93,11,0.6,1835,100.0,280,280-EMPEDRADO,1098,1098-DEL MAULE
DEL MAULE,HUALAÑE,817,19.68,992,23.9,1017,24.5,660,15.9,40,0.96,259,6.24,366,8.82,4151,98.41,37,0.88,30,0.71,4218,100.0,262,262-HUALAÑE,1098,1098-DEL MAULE
DEL MAULE,LICANTEN,562,18.57,735,24.28,539,17.81,628,20.75,29,0.96,187,6.18,347,11.46,3027,99.12,15,0.49,12,0.39,3054,100.0,263,263-LICANTEN,1098,1098-DEL MAULE
DEL MAULE,LINARES,7895,21.51,12574,34.26,4137,11.27,4493,12.24,318,0.87,2377,6.48,4913,13.38,36707,98.8,288,0.78,157,0.42,37152,100.0,271,271-LINARES,1098,1098-DEL MAULE
DEL MAULE,LONGAVI,1644,16.31,4182,41.5,1414,14.03,1186,11.77,56,0.56,518,5.14,1077,10.69,10077,98.5,87,0.85,66,0.65,10230,100.0,272,272-LONGAVI,1098,1098-DEL MAULE
DEL MAULE,MAULE,2117,17.63,3418,28.47,1525,12.7,1544,12.86,94,0.78,968,8.06,2339,19.48,12005,98.43,109,0.89,82,0.67,12196,100.0,281,281-MAULE,1098,1098-DEL MAULE
DEL MAULE,MOLINA,3961,21.05,4884,25.96,3244,17.24,2253,11.97,185,0.98,1647,8.75,2641,14.04,18815,98.35,198,1.03,118,0.62,19131,100.0,264,264-MOLINA,1098,1098-DEL MAULE
DEL MAULE,PARRAL,2752,16.49,6504,38.97,2394,14.34,2552,15.29,109,0.65,829,4.97,1551,9.29,16691,98.44,156,0.92,108,0.64,16955,100.0,273,273-PARRAL,1098,1098-DEL MAULE
DEL MAULE,PELARCO,549,15.09,1127,30.99,595,16.36,528,14.52,29,0.8,248,6.82,561,15.42,3637,98.48,41,1.11,15,0.41,3693,100.0,282,282-PELARCO,1098,1098-DEL MAULE
DEL MAULE,PELLUHUE,692,17.21,1813,45.08,531,13.2,499,12.41,34,0.85,179,4.45,274,6.81,4022,97.53,66,1.6,36,0.87,4124,100.0,260,260-PELLUHUE,1098,1098-DEL MAULE
DEL MAULE,PENCAHUE,634,13.24,1686,35.21,936,19.54,656,13.7,24,0.5,269,5.62,584,12.19,4789,95.8,168,3.36,42,0.84,4999,100.0,283,283-PENCAHUE,1098,1098-DEL MAULE
DEL MAULE,RAUCO,602,13.96,1474,34.19,722,16.75,567,13.15,37,0.86,383,8.88,526,12.2,4311,98.27,47,1.07,29,0.66,4387,100.0,265,265-RAUCO,1098,1098-DEL MAULE
DEL MAULE,RETIRO,908,12.57,2962,41.02,933,12.92,1226,16.98,55,0.76,400,5.54,737,10.21,7221,97.83,71,0.96,89,1.21,7381,100.0,274,274-RETIRO,1098,1098-DEL MAULE
DEL MAULE,RIO CLARO,856,15.82,1688,31.2,827,15.29,820,15.16,60,1.11,433,8.0,726,13.42,5410,96.97,91,1.63,78,1.4,5579,100.0,284,284-RIO CLARO,1098,1098-DEL MAULE
DEL MAULE,ROMERAL,1049,16.39,2145,33.51,1045,16.33,896,14.0,62,0.97,462,7.22,742,11.59,6401,98.45,52,0.8,49,0.75,6502,100.0,266,266-ROMERAL,1098,1098-DEL MAULE
DEL MAULE,SAGRADA FAMILIA,1303,17.85,1966,26.93,1466,20.08,974,13.34,72,0.99,557,7.63,962,13.18,7300,98.25,67,0.9,63,0.85,7430,100.0,267,267-SAGRADA FAMILIA,1098,1098-DEL MAULE
DEL MAULE,SAN CLEMENTE,2686,18.21,4207,28.53,2601,17.64,1749,11.86,134,0.91,1105,7.49,2266,15.36,14748,97.99,183,1.22,119,0.79,15050,100.0,285,285-SAN CLEMENTE,1098,1098-DEL MAULE
DEL MAULE,SAN JAVIER,2720,17.13,5319,33.5,2501,15.75,2086,13.14,135,0.85,979,6.17,2139,13.47,15879,98.51,121,0.75,119,0.74,16119,100.0,275,275-SAN JAVIER,1098,1098-DEL MAULE
DEL MAULE,SAN RAFAEL,590,14.41,1183,28.9,627,15.32,548,13.39,38,0.93,369,9.02,738,18.03,4093,98.2,43,1.03,32,0.77,4168,100.0,286,286-SAN RAFAEL,1098,1098-DEL MAULE
DEL MAULE,TALCA,22153,24.19,25367,27.7,11031,12.04,12867,14.05,955,1.04,5819,6.35,13390,14.62,91582,98.96,685,0.74,275,0.3,92542,100.0,287,287-TALCA,1098,1098-DEL MAULE
DEL MAULE,TENO,1684,17.29,3127,32.11,1228,12.61,1377,14.14,105,1.08,776,7.97,1440,14.79,9737,98.16,103,1.04,80,0.81,9920,100.0,268,268-TENO,1098,1098-DEL MAULE
DEL MAULE,VICHUQUEN,398,14.51,855,31.18,414,15.1,757,27.61,25,0.91,107,3.9,186,6.78,2742,98.56,16,0.58,24,0.86,2782,100.0,269,269-VICHUQUEN,1098,1098-DEL MAULE
DEL MAULE,VILLA ALEGRE,964,16.41,2056,34.99,937,15.95,845,14.38,42,0.71,396,6.74,636,10.82,5876,98.41,56,0.94,39,0.65,5971,100.0,276,276-VILLA ALEGRE,1098,1098-DEL MAULE
DEL MAULE,YERBAS BUENAS,934,14.89,2247,35.83,1070,17.06,726,11.58,68,1.08,485,7.73,742,11.83,6272,97.38,92,1.43,77,1.2,6441,100.0,277,277-YERBAS BUENAS,1098,1098-DEL MAULE
DE ÑUBLE,total,31684,16.6,69887,36.62,28341,14.85,24598,12.89,1703,0.89,10486,5.49,24155,12.66,190854,98.4,1848,0.95,1250,0.64,193952,100.0,-99,total,1097,1097-DE ÑUBLE
DE ÑUBLE,BULNES,1265,14.81,3045,35.65,1456,17.05,1273,14.9,79,0.92,458,5.36,965,11.3,8541,97.61,133,1.52,76,0.87,8750,100.0,237,237-BULNES,1097,1097-DE ÑUBLE
DE ÑUBLE,CHILLAN,14744,20.64,24290,34.01,9009,12.61,9421,13.19,703,0.98,3914,5.48,9349,13.09,71430,98.75,657,0.91,245,0.34,72332,100.0,238,238-CHILLAN,1097,1097-DE ÑUBLE
DE ÑUBLE,CHILLAN VIEJO,1894,17.07,3694,33.3,1546,13.94,1308,11.79,101,0.91,822,7.41,1729,15.59,11094,98.79,97,0.86,39,0.35,11230,100.0,239,239-CHILLAN VIEJO,1097,1097-DE ÑUBLE
DE ÑUBLE,COBQUECURA,460,18.1,805,31.67,450,17.7,414,16.29,23,0.9,124,4.88,266,10.46,2542,97.54,35,1.34,29,1.11,2606,100.0,240,240-COBQUECURA,1097,1097-DE ÑUBLE
DE ÑUBLE,COELEMU,1077,14.2,2711,35.74,1417,18.68,784,10.33,50,0.66,405,5.34,1142,15.05,7586,98.02,69,0.89,84,1.09,7739,100.0,241,241-COELEMU,1097,1097-DE ÑUBLE
DE ÑUBLE,COIHUECO,1024,10.7,4445,46.46,1330,13.9,1220,12.75,91,0.95,460,4.81,997,10.42,9567,98.17,89,0.91,89,0.91,9745,100.0,242,242-COIHUECO,1097,1097-DE ÑUBLE
DE ÑUBLE,EL CARMEN,567,11.11,2331,45.69,926,18.15,649,12.72,25,0.49,209,4.1,395,7.74,5102,98.72,29,0.56,37,0.72,5168,100.0,243,243-EL CARMEN,1097,1097-DE ÑUBLE
DE ÑUBLE,NINHUE,253,10.51,824,34.22,695,28.86,325,13.5,15,0.62,105,4.36,191,7.93,2408,98.13,24,0.98,22,0.9,2454,100.0,23697,23697-NINHUE,1097,1097-DE ÑUBLE
DE ÑUBLE,ÑIQUEN,531,11.48,2000,43.22,632,13.66,610,13.18,35,0.76,301,6.51,518,11.2,4627,97.8,46,0.97,58,1.23,4731,100.0,245,245-ÑIQUEN,1097,1097-DE ÑUBLE
DE ÑUBLE,PEMUCO,424,12.59,1364,40.51,574,17.05,423,12.56,20,0.59,172,5.11,390,11.58,3367,98.77,29,0.85,13,0.38,3409,100.0,246,246-PEMUCO,1097,1097-DE ÑUBLE
DE ÑUBLE,PINTO,578,11.28,2626,51.26,457,8.92,726,14.17,34,0.66,256,5.0,446,8.71,5123,98.54,38,0.73,38,0.73,5199,100.0,247,247-PINTO,1097,1097-DE ÑUBLE
DE ÑUBLE,PORTEZUELO,308,11.55,1068,40.04,574,21.52,371,13.91,23,0.86,116,4.35,207,7.76,2667,98.12,29,1.07,22,0.81,2718,100.0,248,248-PORTEZUELO,1097,1097-DE ÑUBLE
DE ÑUBLE,QUILLON,839,12.71,2479,37.55,996,15.09,827,12.53,71,1.08,420,6.36,970,14.69,6602,98.43,68,1.01,37,0.55,6707,100.0,249,249-QUILLON,1097,1097-DE ÑUBLE
DE ÑUBLE,QUIRIHUE,758,15.05,1357,26.94,1337,26.54,704,13.98,43,0.85,244,4.84,594,11.79,5037,96.87,78,1.5,85,1.63,5200,100.0,250,250-QUIRIHUE,1097,1097-DE ÑUBLE
DE ÑUBLE,RANQUIL,356,13.09,991,36.45,507,18.65,321,11.81,19,0.7,144,5.3,381,14.01,2719,98.37,23,0.83,22,0.8,2764,100.0,251,251-RANQUIL,1097,1097-DE ÑUBLE
DE ÑUBLE,SAN CARLOS,3118,16.12,7864,40.67,2526,13.06,2391,12.36,161,0.83,942,4.87,2335,12.08,19337,98.4,166,0.84,148,0.75,19651,100.0,252,252-SAN CARLOS,1097,1097-DE ÑUBLE
DE ÑUBLE,SAN FABIAN,394,17.2,805,35.14,392,17.11,308,13.44,14,0.61,97,4.23,281,12.27,2291,97.99,25,1.07,22,0.94,2338,100.0,253,253-SAN FABIAN,1097,1097-DE ÑUBLE
DE ÑUBLE,SAN IGNACIO,730,11.97,2504,41.06,906,14.85,892,14.63,59,0.97,389,6.38,619,10.15,6099,98.02,67,1.08,56,0.9,6222,100.0,254,254-SAN IGNACIO,1097,1097-DE ÑUBLE
DE ÑUBLE,SAN NICOLAS,785,14.75,1849,34.75,906,17.03,640,12.03,47,0.88,403,7.57,691,12.99,5321,97.96,59,1.09,52,0.96,5432,100.0,255,255-SAN NICOLAS,1097,1097-DE ÑUBLE
DE ÑUBLE,TREHUACO,398,15.05,905,34.22,557,21.06,310,11.72,20,0.76,117,4.42,338,12.78,2645,98.18,22,0.82,27,1.0,2694,100.0,256,256-TREHUACO,1097,1097-DE ÑUBLE
DE ÑUBLE,YUNGAY,1181,17.5,1930,28.6,1148,17.01,681,10.09,70,1.04,388,5.75,1351,20.02,6749,98.34,65,0.95,49,0.71,6863,100.0,257,257-YUNGAY,1097,1097-DE ÑUBLE
DEL BIOBIO,total,117291,19.17,199331,32.58,72907,11.92,62996,10.3,7295,1.19,40004,6.54,111985,18.3,611809,98.63,5294,0.85,3187,0.51,620290,100.0,-99,total,1096,1096-DEL BIOBIO
DEL BIOBIO,ALTO BIOBIO,377,20.41,502,27.18,399,21.6,155,8.39,40,2.17,119,6.44,255,13.81,1847,91.98,81,4.03,80,3.98,2008,100.0,211,211-ALTO BIOBIO,1096,1096-DEL BIOBIO
DEL BIOBIO,ANTUCO,245,13.3,547,29.7,332,18.02,210,11.4,17,0.92,91,4.94,400,21.72,1842,97.98,27,1.44,11,0.59,1880,100.0,212,212-ANTUCO,1096,1096-DEL BIOBIO
DEL BIOBIO,ARAUCO,2203,15.34,4983,34.7,1687,11.75,1138,7.92,123,0.86,862,6.0,3366,23.44,14362,98.34,143,0.98,100,0.68,14605,100.0,204,204-ARAUCO,1096,1096-DEL BIOBIO
DEL BIOBIO,CABRERO,1309,12.16,3698,34.36,1279,11.88,942,8.75,88,0.82,677,6.29,2771,25.74,10764,98.26,93,0.85,98,0.89,10955,100.0,213,213-CABRERO,1096,1096-DEL BIOBIO
DEL BIOBIO,CAÑETE,1742,13.96,6296,50.46,1457,11.68,894,7.16,157,1.26,571,4.58,1361,10.91,12478,98.24,122,0.96,101,0.8,12701,100.0,205,205-CAÑETE,1096,1096-DEL BIOBIO
DEL BIOBIO,CHIGUAYANTE,8106,23.62,9097,26.5,3892,11.34,4075,11.87,491,1.43,2737,7.97,5927,17.27,34325,99.05,228,0.66,100,0.29,34653,100.0,225,225-CHIGUAYANTE,1096,1096-DEL BIOBIO
DEL BIOBIO,CONCEPCION,24338,24.85,30006,30.63,11017,11.25,12724,12.99,1428,1.46,5749,5.87,12689,12.95,97951,99.01,665,0.67,315,0.32,98931,100.0,226,226-CONCEPCION,1096,1096-DEL BIOBIO
DEL BIOBIO,CONTULMO,330,12.17,1557,57.43,306,11.29,138,5.09,26,0.96,139,5.13,215,7.93,2711,98.4,23,0.83,21,0.76,2755,100.0,206,206-CONTULMO,1096,1096-DEL BIOBIO
DEL BIOBIO,CORONEL,8256,19.97,11599,28.06,4787,11.58,2766,6.69,496,1.2,3196,7.73,10234,24.76,41334,98.56,431,1.03,173,0.41,41938,100.0,227,227-CORONEL,1096,1096-DEL BIOBIO
DEL BIOBIO,CURANILAHUE,2127,17.32,3898,31.73,1962,15.97,801,6.52,157,1.28,789,6.42,2550,20.76,12284,97.79,150,1.19,128,1.02,12562,100.0,207,207-CURANILAHUE,1096,1096-DEL BIOBIO
DEL BIOBIO,FLORIDA,623,13.42,1562,33.65,804,17.32,606,13.05,55,1.18,317,6.83,675,14.54,4642,97.95,59,1.24,38,0.8,4739,100.0,228,228-FLORIDA,1096,1096-DEL BIOBIO
DEL BIOBIO,HUALPEN,8184,20.85,9966,25.39,4598,11.72,3718,9.47,523,1.33,3421,8.72,8834,22.51,39244,98.98,290,0.73,116,0.29,39650,100.0,229,229-HUALPEN,1096,1096-DEL BIOBIO
DEL BIOBIO,HUALQUI,1433,17.11,2304,27.51,1063,12.69,823,9.83,103,1.23,847,10.11,1802,21.52,8375,98.13,94,1.1,66,0.77,8535,100.0,230,230-HUALQUI,1096,1096-DEL BIOBIO
DEL BIOBIO,LAJA,1299,14.58,2710,30.41,1013,11.37,880,9.87,83,0.93,632,7.09,2295,25.75,8912,98.0,118,1.3,64,0.7,9094,100.0,214,214-LAJA,1096,1096-DEL BIOBIO
DEL BIOBIO,LEBU,1581,17.78,3442,38.71,1361,15.31,527,5.93,95,1.07,647,7.28,1238,13.92,8891,97.85,115,1.27,80,0.88,9086,100.0,208,208-LEBU,1096,1096-DEL BIOBIO
DEL BIOBIO,LOS ALAMOS,1027,13.17,3497,44.84,1073,13.76,477,6.12,78,1.0,380,4.87,1267,16.25,7799,98.2,80,1.01,63,0.79,7942,100.0,209,209-LOS ALAMOS,1096,1096-DEL BIOBIO
DEL BIOBIO,LOS ANGELES,9448,13.56,29438,42.24,6438,9.24,8842,12.69,615,0.88,3254,4.67,11658,16.73,69693,98.81,498,0.71,344,0.49,70535,100.0,215,215-LOS ANGELES,1096,1096-DEL BIOBIO
DEL BIOBIO,LOTA,3893,18.44,6204,29.38,3074,14.56,1290,6.11,232,1.1,1838,8.7,4586,21.72,21117,98.03,283,1.31,142,0.66,21542,100.0,231,231-LOTA,1096,1096-DEL BIOBIO
DEL BIOBIO,MULCHEN,1351,13.61,3762,37.89,1613,16.25,822,8.28,86,0.87,465,4.68,1830,18.43,9929,97.82,104,1.02,117,1.15,10150,100.0,216,216-MULCHEN,1096,1096-DEL BIOBIO
DEL BIOBIO,NACIMIENTO,1367,12.89,3693,34.83,1264,11.92,836,7.89,91,0.86,477,4.5,2874,27.11,10602,98.55,84,0.78,72,0.67,10758,100.0,217,217-NACIMIENTO,1096,1096-DEL BIOBIO
DEL BIOBIO,NEGRETE,350,9.45,1545,41.7,508,13.71,399,10.77,25,0.67,217,5.86,661,17.84,3705,97.55,49,1.29,44,1.16,3798,100.0,218,218-NEGRETE,1096,1096-DEL BIOBIO
DEL BIOBIO,PENCO,4384,21.03,4823,23.14,3466,16.63,1798,8.63,299,1.43,1652,7.92,4424,21.22,20846,98.65,176,0.83,110,0.52,21132,100.0,232,232-PENCO,1096,1096-DEL BIOBIO
DEL BIOBIO,QUILACO,235,12.85,668,36.52,409,22.36,194,10.61,11,0.6,79,4.32,233,12.74,1829,97.91,13,0.7,26,1.39,1868,100.0,219,219-QUILACO,1096,1096-DEL BIOBIO
DEL BIOBIO,QUILLECO,410,10.73,1479,38.7,572,14.97,399,10.44,43,1.13,244,6.38,675,17.66,3822,97.23,59,1.5,50,1.27,3931,100.0,220,220-QUILLECO,1096,1096-DEL BIOBIO
DEL BIOBIO,SAN PEDRO DE LA PAZ,9865,21.28,14414,31.1,4764,10.28,6613,14.27,489,1.06,2926,6.31,7277,15.7,46348,99.11,277,0.59,139,0.3,46764,100.0,233,233-SAN PEDRO DE LA PAZ,1096,1096-DEL BIOBIO
DEL BIOBIO,SAN ROSENDO,313,16.59,510,27.03,282,14.94,134,7.1,13,0.69,204,10.81,431,22.84,1887,97.62,28,1.45,18,0.93,1933,100.0,221,221-SAN ROSENDO,1096,1096-DEL BIOBIO
DEL BIOBIO,SANTA BARBARA,645,12.61,2082,40.69,670,13.09,583,11.39,47,0.92,225,4.4,865,16.9,5117,98.38,46,0.88,38,0.73,5201,100.0,222,222-SANTA BARBARA,1096,1096-DEL BIOBIO
DEL BIOBIO,SANTA JUANA,886,16.52,2155,40.19,638,11.9,424,7.91,71,1.32,341,6.36,847,15.8,5362,98.28,55,1.01,39,0.71,5456,100.0,234,234-SANTA JUANA,1096,1096-DEL BIOBIO
DEL BIOBIO,TALCAHUANO,13213,20.96,18990,30.12,6191,9.82,6103,9.68,866,1.37,4567,7.24,13115,20.8,63045,98.91,507,0.8,189,0.3,63741,100.0,235,235-TALCAHUANO,1096,1096-DEL BIOBIO
DEL BIOBIO,TIRUA,581,15.48,1936,51.59,483,12.87,234,6.24,57,1.52,140,3.73,322,8.58,3753,97.63,47,1.22,44,1.14,3844,100.0,210,210-TIRUA,1096,1096-DEL BIOBIO
DEL BIOBIO,TOME,4959,21.84,6873,30.27,3324,14.64,2073,9.13,251,1.11,1424,6.27,3804,16.75,22708,98.58,200,0.87,128,0.56,23036,100.0,236,236-TOME,1096,1096-DEL BIOBIO
DEL BIOBIO,TUCAPEL,830,14.62,1820,32.05,939,16.53,584,10.28,53,0.93,305,5.37,1148,20.21,5679,97.91,60,1.03,61,1.05,5800,100.0,223,223-TUCAPEL,1096,1096-DEL BIOBIO
DEL BIOBIO,YUMBEL,1381,16.05,3275,38.05,1242,14.43,794,9.23,86,1.0,472,5.48,1356,15.76,8606,98.16,89,1.02,72,0.82,8767,100.0,224,224-YUMBEL,1096,1096-DEL BIOBIO
DE LA ARAUCANIA,total,65294,16.58,165988,42.15,48741,12.38,40948,10.4,4069,1.03,21826,5.54,46926,11.92,393792,98.42,3771,0.94,2537,0.63,400100,100.0,-99,total,1095,1095-DE LA ARAUCANIA
DE LA ARAUCANIA,ANGOL,2805,13.26,9972,47.13,2197,10.38,2021,9.55,153,0.72,940,4.44,3070,14.51,21158,98.66,177,0.83,110,0.51,21445,100.0,98,98-ANGOL,1095,1095-DE LA ARAUCANIA
DE LA ARAUCANIA,CARAHUE,1226,12.96,3976,42.03,1748,18.48,955,10.1,113,1.19,497,5.25,944,9.98,9459,98.19,90,0.93,84,0.87,9633,100.0,77,77-CARAHUE,1095,1095-DE LA ARAUCANIA
DE LA ARAUCANIA,CHOLCHOL,789,15.17,1820,34.99,780,15.0,549,10.56,86,1.65,355,6.83,822,15.8,5201,96.39,129,2.39,66,1.22,5396,100.0,78,78-CHOLCHOL,1095,1095-DE LA ARAUCANIA
DE LA ARAUCANIA,COLLIPULLI,1119,11.89,4949,52.58,923,9.81,676,7.18,89,0.95,486,5.16,1170,12.43,9412,97.8,105,1.09,107,1.11,9624,100.0,99,99-COLLIPULLI,1095,1095-DE LA ARAUCANIA
DE LA ARAUCANIA,CUNCO,1091,13.89,3389,43.13,1167,14.85,779,9.91,57,0.73,413,5.26,961,12.23,7857,98.37,77,0.96,53,0.66,7987,100.0,79,79-CUNCO,1095,1095-DE LA ARAUCANIA
DE LA ARAUCANIA,CURACAUTIN,996,12.99,4160,54.24,840,10.95,605,7.89,59,0.77,353,4.6,657,8.57,7670,98.16,82,1.05,62,0.79,7814,100.0,100,100-CURACAUTIN,1095,1095-DE LA ARAUCANIA
DE LA ARAUCANIA,CURARREHUE,548,18.9,1231,42.46,333,11.49,341,11.76,51,1.76,125,4.31,270,9.31,2899,98.5,23,0.78,21,0.71,2943,100.0,80,80-CURARREHUE,1095,1095-DE LA ARAUCANIA
DE LA ARAUCANIA,ERCILLA,485,16.62,1490,51.04,322,11.03,211,7.23,50,1.71,182,6.24,179,6.13,2919,98.22,33,1.11,20,0.67,2972,100.0,101,101-ERCILLA,1095,1095-DE LA ARAUCANIA
DE LA ARAUCANIA,FREIRE,1381,15.01,3631,39.47,1630,17.72,911,9.9,126,1.37,571,6.21,950,10.33,9200,97.77,120,1.28,90,0.96,9410,100.0,81,81-FREIRE,1095,1095-DE LA ARAUCANIA
DE LA ARAUCANIA,GALVARINO,880,17.25,1802,35.32,1134,22.23,364,7.13,73,1.43,376,7.37,473,9.27,5102,97.57,68,1.3,59,1.13,5229,100.0,82,82-GALVARINO,1095,1095-DE LA ARAUCANIA
DE LA ARAUCANIA,GORBEA,794,12.17,3155,48.35,841,12.89,805,12.34,40,0.61,228,3.49,663,10.16,6526,98.49,55,0.83,45,0.68,6626,100.0,83,83-GORBEA,1095,1095-DE LA ARAUCANIA
DE LA ARAUCANIA,LAUTARO,2171,14.16,6920,45.15,2197,14.33,1281,8.36,144,0.94,785,5.12,1829,11.93,15327,98.3,169,1.08,96,0.62,15592,100.0,84,84-LAUTARO,1095,1095-DE LA ARAUCANIA
DE LA ARAUCANIA,LONCOCHE,1516,15.99,3501,36.93,1537,16.21,938,9.9,93,0.98,588,6.2,1306,13.78,9479,98.33,87,0.9,74,0.77,9640,100.0,85,85-LONCOCHE,1095,1095-DE LA ARAUCANIA
DE LA ARAUCANIA,LONQUIMAY,580,12.72,2144,47.04,880,19.31,326,7.15,32,0.7,169,3.71,427,9.37,4558,96.22,81,1.71,98,2.07,4737,100.0,102,102-LONQUIMAY,1095,1095-DE LA ARAUCANIA
DE LA ARAUCANIA,LOS SAUCES,386,11.11,1881,54.15,462,13.3,310,8.92,28,0.81,130,3.74,277,7.97,3474,97.28,48,1.34,49,1.37,3571,100.0,103,103-LOS SAUCES,1095,1095-DE LA ARAUCANIA
DE LA ARAUCANIA,LUMACO,556,13.4,2443,58.9,454,10.95,227,5.47,52,1.25,175,4.22,241,5.81,4148,97.81,42,0.99,51,1.2,4241,100.0,104,104-LUMACO,1095,1095-DE LA ARAUCANIA
DE LA ARAUCANIA,MELIPEUCO,362,16.45,944,42.89,328,14.9,199,9.04,26,1.18,95,4.32,247,11.22,2201,97.82,29,1.29,20,0.89,2250,100.0,86,86-MELIPEUCO,1095,1095-DE LA ARAUCANIA
DE LA ARAUCANIA,NUEVA IMPERIAL,2196,16.61,4697,35.53,2301,17.4,1191,9.01,178,1.35,1011,7.65,1647,12.46,13221,98.03,164,1.22,102,0.76,13487,100.0,87,87-NUEVA IMPERIAL,1095,1095-DE LA ARAUCANIA
DE LA ARAUCANIA,PADRE LAS CASAS,4409,17.18,9271,36.13,2982,11.62,2511,9.79,265,1.03,1852,7.22,4368,17.02,25658,98.3,260,1.0,185,0.71,26103,100.0,88,88-PADRE LAS CASAS,1095,1095-DE LA ARAUCANIA
DE LA ARAUCANIA,PERQUENCO,383,13.01,1252,42.51,458,15.55,174,5.91,36,1.22,186,6.32,456,15.48,2945,97.97,39,1.3,22,0.73,3006,100.0,89,89-PERQUENCO,1095,1095-DE LA ARAUCANIA
DE LA ARAUCANIA,PITRUFQUEN,1573,15.72,4487,44.83,1243,12.42,974,9.73,82,0.82,572,5.72,1077,10.76,10008,98.79,77,0.76,46,0.45,10131,100.0,90,90-PITRUFQUEN,1095,1095-DE LA ARAUCANIA
DE LA ARAUCANIA,PUCON,2900,23.65,4593,37.46,1089,8.88,1595,13.01,136,1.11,595,4.85,1352,11.03,12260,98.79,93,0.75,57,0.46,12410,100.0,91,91-PUCON,1095,1095-DE LA ARAUCANIA
DE LA ARAUCANIA,PUREN,615,11.68,2644,50.22,924,17.55,398,7.56,49,0.93,230,4.37,405,7.69,5265,98.58,44,0.82,32,0.6,5341,100.0,105,105-PUREN,1095,1095-DE LA ARAUCANIA
DE LA ARAUCANIA,RENAICO,445,10.48,1755,41.32,576,13.56,385,9.07,35,0.82,259,6.1,792,18.65,4247,97.7,68,1.56,32,0.74,4347,100.0,106,106-RENAICO,1095,1095-DE LA ARAUCANIA
DE LA ARAUCANIA,SAAVEDRA,760,15.13,1581,31.47,1183,23.55,453,9.02,106,2.11,406,8.08,535,10.65,5024,96.62,103,1.98,73,1.4,5200,100.0,92,92-SAAVEDRA,1095,1095-DE LA ARAUCANIA
DE LA ARAUCANIA,TEMUCO,23413,19.56,47003,39.26,12020,10.04,14168,11.83,1206,1.01,6787,5.67,15121,12.63,119718,99.04,796,0.66,367,0.3,120881,100.0,93,93-TEMUCO,1095,1095-DE LA ARAUCANIA
DE LA ARAUCANIA,TEODORO SCHMIDT,749,11.84,2667,42.16,911,14.4,995,15.73,46,0.73,302,4.77,656,10.37,6326,96.89,107,1.64,96,1.47,6529,100.0,94,94-TEODORO SCHMIDT,1095,1095-DE LA ARAUCANIA
DE LA ARAUCANIA,TOLTEN,565,12.68,1858,41.69,631,14.16,645,14.47,44,0.99,254,5.7,460,10.32,4457,97.27,66,1.44,59,1.29,4582,100.0,95,95-TOLTEN,1095,1095-DE LA ARAUCANIA
DE LA ARAUCANIA,TRAIGUEN,1273,16.11,3830,48.47,991,12.54,753,9.53,105,1.33,431,5.45,519,6.57,7902,97.78,113,1.4,66,0.82,8081,100.0,107,107-TRAIGUEN,1095,1095-DE LA ARAUCANIA
DE LA ARAUCANIA,VICTORIA,1718,11.69,8472,57.64,1477,10.05,1142,7.77,121,0.82,740,5.03,1029,7.0,14699,98.61,127,0.85,80,0.54,14906,100.0,108,108-VICTORIA,1095,1095-DE LA ARAUCANIA
DE LA ARAUCANIA,VILCUN,1444,13.52,4473,41.89,1605,15.03,1208,11.31,100,0.94,548,5.13,1301,12.18,10679,98.16,116,1.07,84,0.77,10879,100.0,96,96-VILCUN,1095,1095-DE LA ARAUCANIA
DE LA ARAUCANIA,VILLARRICA,5166,20.84,9997,40.32,2577,10.39,2858,11.53,288,1.16,1185,4.78,2722,10.98,24793,98.75,183,0.73,131,0.52,25107,100.0,97,97-VILLARRICA,1095,1095-DE LA ARAUCANIA
DE LOS RIOS,total,36981,23.17,52915,33.15,21783,13.65,16277,10.2,2054,1.29,8681,5.44,20911,13.1,159602,98.35,1431,0.88,1243,0.77,162276,100.0,-99,total,1094,1094-DE LOS RIOS
DE LOS RIOS,CORRAL,578,25.5,556,24.53,519,22.89,148,6.53,22,0.97,134,5.91,310,13.67,2267,98.14,19,0.82,24,1.04,2310,100.0,138,138-CORRAL,1094,1094-DE LOS RIOS
DE LOS RIOS,FUTRONO,1008,15.47,2803,43.01,890,13.66,692,10.62,74,1.14,244,3.74,806,12.37,6517,98.35,67,1.01,42,0.63,6626,100.0,139,139-FUTRONO,1094,1094-DE LOS RIOS
DE LOS RIOS,LA UNION,2783,17.35,5954,37.13,2321,14.47,1840,11.47,163,1.02,763,4.76,2212,13.79,16036,98.68,110,0.68,105,0.65,16251,100.0,140,140-LA UNION,1094,1094-DE LOS RIOS
DE LOS RIOS,LAGO RANCO,703,16.35,1740,40.47,655,15.24,475,11.05,51,1.19,188,4.37,487,11.33,4299,97.04,67,1.51,64,1.44,4430,100.0,141,141-LAGO RANCO,1094,1094-DE LOS RIOS
DE LOS RIOS,LANCO,1413,21.24,2312,34.75,981,14.74,561,8.43,78,1.17,309,4.64,1000,15.03,6654,98.11,59,0.87,69,1.02,6782,100.0,142,142-LANCO,1094,1094-DE LOS RIOS
DE LOS RIOS,LOS LAGOS,1476,19.35,2851,37.38,1055,13.83,698,9.15,60,0.79,396,5.19,1091,14.3,7627,98.3,72,0.93,60,0.77,7759,100.0,143,143-LOS LAGOS,1094,1094-DE LOS RIOS
DE LOS RIOS,MAFIL,479,14.34,1292,38.68,423,12.66,283,8.47,29,0.87,187,5.6,647,19.37,3340,97.75,38,1.11,39,1.14,3417,100.0,144,144-MAFIL,1094,1094-DE LOS RIOS
DE LOS RIOS,MARIQUINA,1520,19.58,2346,30.21,1226,15.79,667,8.59,72,0.93,391,5.04,1543,19.87,7765,98.33,71,0.9,61,0.77,7897,100.0,145,145-MARIQUINA,1094,1094-DE LOS RIOS
DE LOS RIOS,PAILLACO,1428,17.03,3333,39.74,1171,13.96,802,9.56,94,1.12,333,3.97,1226,14.62,8387,98.2,81,0.95,73,0.85,8541,100.0,146,146-PAILLACO,1094,1094-DE LOS RIOS
DE LOS RIOS,PANGUIPULLI,2368,17.61,4899,36.42,1954,14.53,1329,9.88,169,1.26,896,6.66,1835,13.64,13450,97.34,204,1.48,164,1.19,13818,100.0,147,147-PANGUIPULLI,1094,1094-DE LOS RIOS
DE LOS RIOS,RIO BUENO,2106,15.95,5283,40.02,2025,15.34,1380,10.45,150,1.14,583,4.42,1673,12.67,13200,97.08,134,0.99,263,1.93,13597,100.0,148,148-RIO BUENO,1094,1094-DE LOS RIOS
DE LOS RIOS,VALDIVIA,21119,30.14,19546,27.9,8563,12.22,7402,10.57,1092,1.56,4257,6.08,8081,11.53,70060,98.89,509,0.72,279,0.39,70848,100.0,149,149-VALDIVIA,1094,1094-DE LOS RIOS
DE LOS LAGOS,total,66520,20.42,105763,32.47,47913,14.71,35552,10.92,4027,1.24,17508,5.38,48408,14.86,325691,98.43,2739,0.83,2468,0.75,330898,100.0,-99,total,1093,1093-DE LOS LAGOS
DE LOS LAGOS,ANCUD,3793,24.27,4372,27.97,2350,15.04,1827,11.69,230,1.47,938,6.0,2120,13.56,15630,98.4,123,0.77,131,0.82,15884,100.0,342,342-ANCUD,1093,1093-DE LOS LAGOS
DE LOS LAGOS,CALBUCO,2162,19.39,3387,30.37,1432,12.84,1099,9.85,154,1.38,710,6.37,2208,19.8,11152,97.32,141,1.23,166,1.45,11459,100.0,118,118-CALBUCO,1093,1093-DE LOS LAGOS
DE LOS LAGOS,CASTRO,4868,27.65,4448,25.27,2414,13.71,1868,10.61,320,1.82,954,5.42,2733,15.52,17605,98.48,149,0.83,123,0.69,17877,100.0,109,109-CASTRO,1093,1093-DE LOS LAGOS
DE LOS LAGOS,CHAITEN,291,19.34,555,36.88,304,20.2,149,9.9,11,0.73,69,4.58,126,8.37,1505,97.1,13,0.84,32,2.06,1550,100.0,134,134-CHAITEN,1093,1093-DE LOS LAGOS
DE LOS LAGOS,CHONCHI,1209,23.02,1194,22.73,975,18.56,498,9.48,96,1.83,280,5.33,1001,19.06,5253,98.26,47,0.88,46,0.86,5346,100.0,110,110-CHONCHI,1093,1093-DE LOS LAGOS
DE LOS LAGOS,COCHAMO,284,18.39,646,41.84,181,11.72,197,12.76,19,1.23,69,4.47,148,9.59,1544,97.17,13,0.82,32,2.01,1589,100.0,119,119-COCHAMO,1093,1093-DE LOS LAGOS
DE LOS LAGOS,CURACO DE VELEZ,255,20.66,301,24.39,291,23.58,114,9.24,10,0.81,57,4.62,206,16.69,1234,97.86,11,0.87,16,1.27,1261,100.0,111,111-CURACO DE VELEZ,1093,1093-DE LOS LAGOS
DE LOS LAGOS,DALCAHUE,919,21.25,1086,25.12,709,16.4,488,11.29,67,1.55,259,5.99,796,18.41,4324,98.12,45,1.02,38,0.86,4407,100.0,112,112-DALCAHUE,1093,1093-DE LOS LAGOS
DE LOS LAGOS,FRESIA,839,15.91,2052,38.92,1178,22.34,458,8.69,44,0.83,211,4.0,491,9.31,5273,97.56,63,1.17,69,1.28,5405,100.0,120,120-FRESIA,1093,1093-DE LOS LAGOS
DE LOS LAGOS,FRUTILLAR,1351,16.14,3260,38.95,1329,15.88,786,9.39,60,0.72,375,4.48,1208,14.43,8369,98.62,54,0.64,63,0.74,8486,100.0,121,121-FRUTILLAR,1093,1093-DE LOS LAGOS
DE LOS LAGOS,FUTALEUFU,208,19.68,435,41.15,155,14.66,150,14.19,15,1.42,34,3.22,60,5.68,1057,97.96,8,0.74,14,1.3,1079,100.0,135,135-FUTALEUFU,1093,1093-DE LOS LAGOS
DE LOS LAGOS,HUALAIHUE,628,17.41,1041,28.86,600,16.63,389,10.78,48,1.33,223,6.18,678,18.8,3607,96.75,51,1.37,70,1.88,3728,100.0,136,136-HUALAIHUE,1093,1093-DE LOS LAGOS
DE LOS LAGOS,LLANQUIHUE,1395,17.81,2618,33.42,1190,15.19,627,8.0,66,0.84,548,7.0,1390,17.74,7834,98.33,63,0.79,70,0.88,7967,100.0,122,122-LLANQUIHUE,1093,1093-DE LOS LAGOS
DE LOS LAGOS,LOS MUERMOS,796,12.02,3214,48.52,858,12.95,715,10.79,37,0.56,245,3.7,759,11.46,6624,97.17,69,1.01,124,1.82,6817,100.0,123,123-LOS MUERMOS,1093,1093-DE LOS LAGOS
DE LOS LAGOS,MAULLIN,882,16.07,2197,40.03,941,17.14,496,9.04,50,0.91,208,3.79,715,13.03,5489,98.12,45,0.8,60,1.07,5594,100.0,124,124-MAULLIN,1093,1093-DE LOS LAGOS
DE LOS LAGOS,OSORNO,14256,21.16,21365,31.72,9974,14.81,7727,11.47,838,1.24,3308,4.91,9893,14.69,67361,98.92,496,0.73,238,0.35,68095,100.0,127,127-OSORNO,1093,1093-DE LOS LAGOS
DE LOS LAGOS,PALENA,160,20.28,307,38.91,157,19.9,81,10.27,7,0.89,20,2.53,57,7.22,789,97.29,8,0.99,14,1.73,811,100.0,137,137-PALENA,1093,1093-DE LOS LAGOS
DE LOS LAGOS,PUERTO MONTT,18811,21.47,28790,32.86,9339,10.66,9459,10.8,1222,1.39,5524,6.3,14478,16.52,87623,98.71,650,0.73,498,0.56,88771,100.0,125,125-PUERTO MONTT,1093,1093-DE LOS LAGOS
DE LOS LAGOS,PUERTO OCTAY,651,16.03,1248,30.73,956,23.54,318,7.83,42,1.03,201,4.95,645,15.88,4061,98.64,29,0.7,27,0.66,4117,100.0,128,128-PUERTO OCTAY,1093,1093-DE LOS LAGOS
DE LOS LAGOS,PUERTO VARAS,4459,19.38,9205,40.0,2276,9.89,3836,16.67,190,0.83,897,3.9,2151,9.35,23014,98.91,132,0.57,122,0.52,23268,100.0,126,126-PUERTO VARAS,1093,1093-DE LOS LAGOS
DE LOS LAGOS,PUQUELDON,299,23.09,287,22.16,217,16.76,102,7.88,14,1.08,83,6.41,293,22.63,1295,97.37,23,1.73,12,0.9,1330,100.0,113,113-PUQUELDON,1093,1093-DE LOS LAGOS
DE LOS LAGOS,PURRANQUE,1317,14.75,3456,38.7,1691,18.94,882,9.88,79,0.88,423,4.74,1082,12.12,8930,97.88,104,1.14,89,0.98,9123,100.0,129,129-PURRANQUE,1093,1093-DE LOS LAGOS
DE LOS LAGOS,PUYEHUE,753,15.02,1790,35.7,1151,22.96,413,8.24,42,0.84,267,5.33,598,11.93,5014,98.37,45,0.88,38,0.75,5097,100.0,130,130-PUYEHUE,1093,1093-DE LOS LAGOS
DE LOS LAGOS,QUEILEN,493,20.99,520,22.14,663,28.22,212,9.03,29,1.23,117,4.98,315,13.41,2349,97.75,20,0.83,34,1.41,2403,100.0,114,114-QUEILEN,1093,1093-DE LOS LAGOS
DE LOS LAGOS,QUELLON,1748,20.51,2123,24.91,1660,19.47,694,8.14,111,1.3,441,5.17,1747,20.5,8524,97.06,112,1.28,146,1.66,8782,100.0,115,115-QUELLON,1093,1093-DE LOS LAGOS
DE LOS LAGOS,QUEMCHI,587,21.09,789,28.35,596,21.42,291,10.46,30,1.08,145,5.21,345,12.4,2783,97.14,27,0.94,55,1.92,2865,100.0,116,116-QUEMCHI,1093,1093-DE LOS LAGOS
DE LOS LAGOS,QUINCHAO,712,28.8,515,20.83,626,25.32,191,7.73,25,1.01,127,5.14,276,11.17,2472,97.55,29,1.14,33,1.3,2534,100.0,117,117-QUINCHAO,1093,1093-DE LOS LAGOS
DE LOS LAGOS,RIO NEGRO,891,14.29,2158,34.62,1314,21.08,703,11.28,50,0.8,290,4.65,827,13.27,6233,98.27,66,1.04,44,0.69,6343,100.0,131,131-RIO NEGRO,1093,1093-DE LOS LAGOS
DE LOS LAGOS,SAN JUAN DE LA COSTA,746,18.86,838,21.19,1228,31.05,328,8.29,66,1.67,231,5.84,518,13.1,3955,97.97,51,1.26,31,0.77,4037,100.0,132,132-SAN JUAN DE LA COSTA,1093,1093-DE LOS LAGOS
DE LOS LAGOS,SAN PABLO,757,15.81,1566,32.71,1158,24.19,454,9.48,55,1.15,254,5.3,544,11.36,4788,98.26,52,1.07,33,0.68,4873,100.0,133,133-SAN PABLO,1093,1093-DE LOS LAGOS
DE AYSEN DEL GENERAL CARLOS IBAÑEZ DEL CAMPO,total,9975,25.0,11761,29.47,6574,16.48,3921,9.83,508,1.27,2017,5.05,5146,12.9,39902,98.05,455,1.12,340,0.84,40697,100.0,-99,total,1088,1088-DE AYSEN DEL GENERAL CARLOS IBAÑEZ DEL CAMPO
DE AYSEN DEL GENERAL CARLOS IBAÑEZ DEL CAMPO,AYSEN,2188,24.43,2314,25.84,1396,15.59,716,8.0,126,1.41,551,6.15,1664,18.58,8955,97.73,122,1.33,86,0.94,9163,100.0,11007,11007-AYSEN,1088,1088-DE AYSEN DEL GENERAL CARLOS IBAÑEZ DEL CAMPO
DE AYSEN DEL GENERAL CARLOS IBAÑEZ DEL CAMPO,CHILE CHICO,601,31.8,488,25.82,332,17.57,173,9.15,26,1.38,86,4.55,184,9.74,1890,97.37,29,1.49,22,1.13,1941,100.0,393,393-CHILE CHICO,1088,1088-DE AYSEN DEL GENERAL CARLOS IBAÑEZ DEL CAMPO
DE AYSEN DEL GENERAL CARLOS IBAÑEZ DEL CAMPO,CISNES,409,19.75,764,36.89,283,13.66,210,10.14,23,1.11,118,5.7,264,12.75,2071,97.92,17,0.8,27,1.28,2115,100.0,12157,12157-CISNES,1088,1088-DE AYSEN DEL GENERAL CARLOS IBAÑEZ DEL CAMPO
DE AYSEN DEL GENERAL CARLOS IBAÑEZ DEL CAMPO,COCHRANE,357,25.74,428,30.86,264,19.03,176,12.69,12,0.87,49,3.53,101,7.28,1387,96.32,24,1.67,29,2.01,1440,100.0,3515,3515-COCHRANE,1088,1088-DE AYSEN DEL GENERAL CARLOS IBAÑEZ DEL CAMPO
DE AYSEN DEL GENERAL CARLOS IBAÑEZ DEL CAMPO,COYHAIQUE,5787,25.38,6756,29.63,3845,16.86,2350,10.31,284,1.25,1090,4.78,2692,11.8,22804,98.56,210,0.91,124,0.54,23138,100.0,10993,10993-COYHAIQUE,1088,1088-DE AYSEN DEL GENERAL CARLOS IBAÑEZ DEL CAMPO
DE AYSEN DEL GENERAL CARLOS IBAÑEZ DEL CAMPO,GUAITECAS,129,26.22,150,30.49,80,16.26,43,8.74,4,0.81,18,3.66,68,13.82,492,98.6,2,0.4,5,1.0,499,100.0,6751,6751-GUAITECAS,1088,1088-DE AYSEN DEL GENERAL CARLOS IBAÑEZ DEL CAMPO
DE AYSEN DEL GENERAL CARLOS IBAÑEZ DEL CAMPO,LAGO VERDE,75,16.3,216,46.96,65,14.13,46,10.0,11,2.39,16,3.48,31,6.74,460,96.64,11,2.31,5,1.05,476,100.0,457,457-LAGO VERDE,1088,1088-DE AYSEN DEL GENERAL CARLOS IBAÑEZ DEL CAMPO
DE AYSEN DEL GENERAL CARLOS IBAÑEZ DEL CAMPO,O'HIGGINS,75,23.89,142,45.22,47,14.97,26,8.28,3,0.96,5,1.59,16,5.1,314,96.62,5,1.54,6,1.85,325,100.0,5,5-O'HIGGINS,1088,1088-DE AYSEN DEL GENERAL CARLOS IBAÑEZ DEL CAMPO
DE AYSEN DEL GENERAL CARLOS IBAÑEZ DEL CAMPO,RIO IBAÑEZ,287,21.56,464,34.86,227,17.05,161,12.1,11,0.83,69,5.18,112,8.41,1331,96.1,25,1.81,29,2.09,1385,100.0,10,10-RIO IBAÑEZ,1088,1088-DE AYSEN DEL GENERAL CARLOS IBAÑEZ DEL CAMPO
DE AYSEN DEL GENERAL CARLOS IBAÑEZ DEL CAMPO,TORTEL,67,33.84,39,19.7,35,17.68,20,10.1,8,4.04,15,7.58,14,7.07,198,92.09,10,4.65,7,3.26,215,100.0,2047,2047-TORTEL,1088,1088-DE AYSEN DEL GENERAL CARLOS IBAÑEZ DEL CAMPO
DE MAGALLANES Y DE LA ANTARTICA CHILENA,total,21137,30.6,19291,27.92,6864,9.94,5759,8.34,668,0.97,6627,9.59,8738,12.65,69084,98.64,647,0.92,305,0.44,70036,100.0,-99,total,1087,1087-DE MAGALLANES Y DE LA ANTARTICA CHILENA
DE MAGALLANES Y DE LA ANTARTICA CHILENA,ANTARTICA,4,8.51,34,72.34,1,2.13,2,4.26,0,0.0,2,4.26,4,8.51,47,100.0,0,0.0,0,0.0,47,100.0,-99,ANTARTICA,1087,1087-DE MAGALLANES Y DE LA ANTARTICA CHILENA
DE MAGALLANES Y DE LA ANTARTICA CHILENA,CABO DE HORNOS,189,21.8,421,48.56,74,8.54,63,7.27,10,1.15,28,3.23,82,9.46,867,98.75,6,0.68,5,0.57,878,100.0,5468,5468-CABO DE HORNOS,1087,1087-DE MAGALLANES Y DE LA ANTARTICA CHILENA
DE MAGALLANES Y DE LA ANTARTICA CHILENA,LAGUNA BLANCA,57,18.87,134,44.37,33,10.93,24,7.95,3,0.99,26,8.61,25,8.28,302,98.69,2,0.65,2,0.65,306,100.0,150,150-LAGUNA BLANCA,1087,1087-DE MAGALLANES Y DE LA ANTARTICA CHILENA
DE MAGALLANES Y DE LA ANTARTICA CHILENA,NATALES,2437,30.07,2039,25.16,1253,15.46,573,7.07,91,1.12,714,8.81,997,12.3,8104,97.86,105,1.27,72,0.87,8281,100.0,22513,22513-NATALES,1087,1087-DE MAGALLANES Y DE LA ANTARTICA CHILENA
DE MAGALLANES Y DE LA ANTARTICA CHILENA,PORVENIR,761,33.55,581,25.62,304,13.4,166,7.32,18,0.79,193,8.51,245,10.8,2268,97.51,39,1.68,19,0.82,2326,100.0,345,345-PORVENIR,1087,1087-DE MAGALLANES Y DE LA ANTARTICA CHILENA
DE MAGALLANES Y DE LA ANTARTICA CHILENA,PRIMAVERA,63,20.72,66,21.71,43,14.14,31,10.2,4,1.32,46,15.13,51,16.78,304,97.12,7,2.24,2,0.64,313,100.0,4572,4572-PRIMAVERA,1087,1087-DE MAGALLANES Y DE LA ANTARTICA CHILENA
DE MAGALLANES Y DE LA ANTARTICA CHILENA,PUNTA ARENAS,17375,31.07,15588,27.87,5003,8.95,4781,8.55,537,0.96,5472,9.78,7174,12.83,55930,98.82,474,0.84,193,0.34,56597,100.0,17170,17170-PUNTA ARENAS,1087,1087-DE MAGALLANES Y DE LA ANTARTICA CHILENA
DE MAGALLANES Y DE LA ANTARTICA CHILENA,RIO VERDE,52,20.31,101,39.45,17,6.64,26,10.16,0,0.0,29,11.33,31,12.11,256,99.22,2,0.78,0,0.0,258,100.0,10800,10800-RIO VERDE,1087,1087-DE MAGALLANES Y DE LA ANTARTICA CHILENA
DE MAGALLANES Y DE LA ANTARTICA CHILENA,SAN GREGORIO,52,21.31,95,38.93,5,2.05,32,13.11,0,0.0,27,11.07,33,13.52,244,97.99,2,0.8,3,1.2,249,100.0,153,153-SAN GREGORIO,1087,1087-DE MAGALLANES Y DE LA ANTARTICA CHILENA
DE MAGALLANES Y DE LA ANTARTICA CHILENA,TIMAUKEL,24,14.29,71,42.26,8,4.76,19,11.31,1,0.6,23,13.69,22,13.1,168,98.25,2,1.17,1,0.58,171,100.0,343,343-TIMAUKEL,1087,1087-DE MAGALLANES Y DE LA ANTARTICA CHILENA
DE MAGALLANES Y DE LA ANTARTICA CHILENA,TORRES DEL PAINE,123,20.71,161,27.1,123,20.71,42,7.07,4,0.67,67,11.28,74,12.46,594,97.38,8,1.31,8,1.31,610,100.0,10982,10982-TORRES DEL PAINE,1087,1087-DE MAGALLANES Y DE LA ANTARTICA CHILENA
