Region,City,Boric,Kast,Provoste,Sichel,Artes,Enriquez,Parisi,Votos_Emitidos,Votos_Nulos,Votos_Blancos,Votos_Total,Boric_per,Kast_per,Provoste_per,Sichel_per,Artes_per,Enriquez_per,Parisi_per,Votos_Emitidos_per,Votos_Nulos_per,Votos_Blancos_per,Votos_Total_per
DE ARICA Y PARINACOTA,total,15077,25120,8423,6194,983,4703,24296,84796,756,332,85884,17.78,29.62,9.93,7.3,1.16,5.55,28.65,98.73,0.88,0.39,100.0
DE ARICA Y PARINACOTA,ARICA,14763,24070,7921,6020,952,4536,23034,81296,712,295,82303,18.16,29.61,9.74,7.41,1.17,5.58,28.33,98.78,0.87,0.36,100.0
DE ARICA Y PARINACOTA,CAMARONES,111,252,195,57,6,53,375,1049,14,4,1067,10.58,24.02,18.59,5.43,0.57,5.05,35.75,98.31,1.31,0.37,100.0
DE ARICA Y PARINACOTA,GENERAL LAGOS,24,140,39,26,5,26,239,499,7,7,513,4.81,28.06,7.82,5.21,1.0,5.21,47.9,97.27,1.36,1.36,100.0
DE ARICA Y PARINACOTA,PUTRE,179,658,268,91,20,88,648,1952,23,26,2001,9.17,33.71,13.73,4.66,1.02,4.51,33.2,97.55,1.15,1.3,100.0
DE TARAPACA,total,19976,33273,9440,8354,1349,6874,29859,109125,826,538,110489,18.31,30.49,8.65,7.66,1.24,6.3,27.36,98.77,0.75,0.49,100.0
DE TARAPACA,ALTO HOSPICIO,3183,5860,2212,1212,263,1712,9884,24326,173,70,24569,13.08,24.09,9.09,4.98,1.08,7.04,40.63,99.01,0.7,0.28,100.0
DE TARAPACA,CAMIÑA,60,384,47,31,3,16,328,869,7,7,883,6.9,44.19,5.41,3.57,0.35,1.84,37.74,98.41,0.79,0.79,100.0
DE TARAPACA,COLCHANE,17,419,18,10,4,5,433,906,8,1,915,1.88,46.25,1.99,1.1,0.44,0.55,47.79,99.02,0.87,0.11,100.0
DE TARAPACA,HUARA,207,479,157,88,12,78,667,1688,21,16,1725,12.26,28.38,9.3,5.21,0.71,4.62,39.51,97.86,1.22,0.93,100.0
DE TARAPACA,IQUIQUE,15562,24113,6037,6581,982,4687,15755,73717,556,404,74677,21.11,32.71,8.19,8.93,1.33,6.36,21.37,98.71,0.74,0.54,100.0
DE TARAPACA,PICA,403,758,305,203,27,100,743,2539,15,11,2565,15.87,29.85,12.01,8.0,1.06,3.94,29.26,98.99,0.58,0.43,100.0
DE TARAPACA,POZO ALMONTE,544,1260,664,229,58,276,2049,5080,46,29,5155,10.71,24.8,13.07,4.51,1.14,5.43,40.33,98.55,0.89,0.56,100.0
DE ANTOFAGASTA,total,41490,42252,17552,14728,2562,14434,68296,201314,1726,677,203717,20.61,20.99,8.72,7.32,1.27,7.17,33.93,98.82,0.85,0.33,100.0
DE ANTOFAGASTA,ANTOFAGASTA,28156,27264,10143,9976,1635,8870,36236,122280,959,383,123622,23.03,22.3,8.29,8.16,1.34,7.25,29.63,98.91,0.78,0.31,100.0
DE ANTOFAGASTA,CALAMA,8984,11642,4912,3589,606,3949,23532,57214,521,189,57924,15.7,20.35,8.59,6.27,1.06,6.9,41.13,98.77,0.9,0.33,100.0
DE ANTOFAGASTA,MARIA ELENA,265,212,148,73,34,118,964,1814,58,8,1880,14.61,11.69,8.16,4.02,1.87,6.5,53.14,96.49,3.09,0.43,100.0
DE ANTOFAGASTA,MEJILLONES,747,589,350,199,52,270,1656,3863,30,15,3908,19.34,15.25,9.06,5.15,1.35,6.99,42.87,98.85,0.77,0.38,100.0
DE ANTOFAGASTA,OLLAGUE,29,53,25,12,3,27,220,369,2,1,372,7.86,14.36,6.78,3.25,0.81,7.32,59.62,99.19,0.54,0.27,100.0
DE ANTOFAGASTA,SAN PEDRO DE ATACAMA,849,453,370,187,66,215,1103,3243,42,25,3310,26.18,13.97,11.41,5.77,2.04,6.63,34.01,97.98,1.27,0.76,100.0
DE ANTOFAGASTA,SIERRA GORDA,102,131,79,27,5,61,234,639,4,0,643,15.96,20.5,12.36,4.23,0.78,9.55,36.62,99.38,0.62,0.0,100.0
DE ANTOFAGASTA,TALTAL,851,720,602,188,56,273,906,3596,33,22,3651,23.67,20.02,16.74,5.23,1.56,7.59,25.19,98.49,0.9,0.6,100.0
DE ANTOFAGASTA,TOCOPILLA,1507,1188,923,477,105,651,3445,8296,77,34,8407,18.17,14.32,11.13,5.75,1.27,7.85,41.53,98.68,0.92,0.4,100.0
DE ATACAMA,total,20418,19015,27497,7097,1360,5313,25409,106109,738,368,107215,19.24,17.92,25.91,6.69,1.28,5.01,23.95,98.97,0.69,0.34,100.0
DE ATACAMA,ALTO DEL CARMEN,260,265,891,87,11,56,365,1935,15,14,1964,13.44,13.7,46.05,4.5,0.57,2.89,18.86,98.52,0.76,0.71,100.0
DE ATACAMA,CALDERA,1516,1263,1680,440,140,458,1741,7238,50,38,7326,20.95,17.45,23.21,6.08,1.93,6.33,24.05,98.8,0.68,0.52,100.0
DE ATACAMA,CHAÑARAL,1053,702,1273,278,51,263,1249,4869,45,20,4934,21.63,14.42,26.14,5.71,1.05,5.4,25.65,98.68,0.91,0.41,100.0
DE ATACAMA,COPIAPO,11766,11839,10373,4341,786,3225,13573,55903,377,160,56440,21.05,21.18,18.56,7.77,1.41,5.77,24.28,99.05,0.67,0.28,100.0
DE ATACAMA,DIEGO DE ALMAGRO,11766,11839,10373,4341,786,3225,13573,55903,377,160,56440,21.05,21.18,18.56,7.77,1.41,5.77,24.28,99.05,0.67,0.28,100.0
DE ATACAMA,FREIRINA,425,305,1168,135,22,69,512,2636,17,12,2665,16.12,11.57,44.31,5.12,0.83,2.62,19.42,98.91,0.64,0.45,100.0
DE ATACAMA,HUASCO,641,538,1309,196,58,193,930,3865,33,15,3913,16.58,13.92,33.87,5.07,1.5,4.99,24.06,98.77,0.84,0.38,100.0
DE ATACAMA,TIERRA AMARILLA,849,737,1163,318,45,279,1616,5007,43,23,5073,16.96,14.72,23.23,6.35,0.9,5.57,32.27,98.7,0.85,0.45,100.0
DE ATACAMA,VALLENAR,2823,2805,8653,1110,174,526,3937,20028,112,66,20206,14.1,14.01,43.2,5.54,0.87,2.63,19.66,99.12,0.55,0.33,100.0
DE COQUIMBO,total,68334,56998,35991,27403,3735,18781,52328,263570,2137,1330,267037,25.93,21.63,13.66,10.4,1.42,7.13,19.85,98.7,0.8,0.5,100.0
DE COQUIMBO,ANDACOLLO,1181,661,797,307,64,408,1172,4590,61,49,4700,25.73,14.4,17.36,6.69,1.39,8.89,25.53,97.66,1.3,1.04,100.0
DE COQUIMBO,CANELA,1161,663,851,294,46,134,679,3828,39,36,3903,30.33,17.32,22.23,7.68,1.2,3.5,17.74,98.08,1.0,0.92,100.0
DE COQUIMBO,COMBARBALA,1212,885,1270,377,67,211,946,4968,56,58,5082,24.4,17.81,25.56,7.59,1.35,4.25,19.04,97.76,1.1,1.14,100.0
DE COQUIMBO,COQUIMBO,18946,15849,7919,7474,1052,5792,14960,71992,554,315,72861,26.32,22.01,11.0,10.38,1.46,8.05,20.78,98.81,0.76,0.43,100.0
DE COQUIMBO,ILLAPEL,3146,1953,2104,1061,150,745,2738,11897,82,70,12049,26.44,16.42,17.69,8.92,1.26,6.26,23.01,98.74,0.68,0.58,100.0
DE COQUIMBO,LA HIGUERA,459,322,296,109,30,116,405,1737,23,26,1786,26.42,18.54,17.04,6.28,1.73,6.68,23.32,97.26,1.29,1.46,100.0
DE COQUIMBO,LA SERENA,23245,20297,9044,10033,1218,5558,13743,83138,533,255,83926,27.96,24.41,10.88,12.07,1.47,6.69,16.53,99.06,0.64,0.3,100.0
DE COQUIMBO,LOS VILOS,2142,1431,1331,801,150,659,1322,7836,75,42,7953,27.34,18.26,16.99,10.22,1.91,8.41,16.87,98.53,0.94,0.53,100.0
DE COQUIMBO,MONTE PATRIA,1972,1894,1837,794,185,748,2623,10053,115,80,10248,19.62,18.84,18.27,7.9,1.84,7.44,26.09,98.1,1.12,0.78,100.0
DE COQUIMBO,OVALLE,8759,7746,5570,3734,420,2764,7709,36702,311,192,37205,23.87,21.11,15.18,10.17,1.14,7.53,21.0,98.65,0.84,0.52,100.0
DE COQUIMBO,PAIHUANO,576,488,289,274,37,146,277,2087,17,14,2118,27.6,23.38,13.85,13.13,1.77,7.0,13.27,98.54,0.8,0.66,100.0
DE COQUIMBO,PUNITAQUI,819,682,709,296,31,262,1244,4043,44,45,4132,20.26,16.87,17.54,7.32,0.77,6.48,30.77,97.85,1.06,1.09,100.0
DE COQUIMBO,RIO HURTADO,327,365,396,195,20,124,326,1753,23,13,1789,18.65,20.82,22.59,11.12,1.14,7.07,18.6,97.99,1.29,0.73,100.0
DE COQUIMBO,SALAMANCA,2134,2017,1610,832,141,577,2512,9823,85,73,9981,21.72,20.53,16.39,8.47,1.44,5.87,25.57,98.42,0.85,0.73,100.0
DE COQUIMBO,VICUÑA,2255,1745,1968,822,124,537,1672,9123,119,62,9304,24.72,19.13,21.57,9.01,1.36,5.89,18.33,98.05,1.28,0.67,100.0
DE VALPARAISO,total,223266,211838,81841,95862,13234,63806,104129,793976,6299,2815,803090,28.12,26.68,10.31,12.07,1.67,8.04,13.11,98.87,0.78,0.35,100.0
DE VALPARAISO,ALGARROBO,1978,2877,817,1352,90,472,568,8154,43,20,8217,24.26,35.28,10.02,16.58,1.1,5.79,6.97,99.23,0.52,0.24,100.0
DE VALPARAISO,CABILDO,2322,1427,1258,663,101,680,1308,7759,76,42,7877,29.93,18.39,16.21,8.54,1.3,8.76,16.86,98.5,0.96,0.53,100.0
DE VALPARAISO,CALERA,5607,4012,2027,2066,276,2443,4967,21398,201,75,21674,26.2,18.75,9.47,9.66,1.29,11.42,23.21,98.73,0.93,0.35,100.0
DE VALPARAISO,CALLE LARGA,1304,1365,942,736,91,620,1243,6301,98,40,6439,20.7,21.66,14.95,11.68,1.44,9.84,19.73,97.86,1.52,0.62,100.0
DE VALPARAISO,CARTAGENA,2188,2321,1173,971,158,1040,877,8728,68,37,8833,25.07,26.59,13.44,11.13,1.81,11.92,10.05,98.81,0.77,0.42,100.0
DE VALPARAISO,CASABLANCA,2850,3330,1254,1386,151,768,1081,10820,106,44,10970,26.34,30.78,11.59,12.81,1.4,7.1,9.99,98.63,0.97,0.4,100.0
DE VALPARAISO,CATEMU,1220,990,663,591,47,483,1142,5136,62,39,5237,23.75,19.28,12.91,11.51,0.92,9.4,22.24,98.07,1.18,0.74,100.0
DE VALPARAISO,CONCON,5100,9357,2029,4702,222,1251,2128,24789,138,76,25003,20.57,37.75,8.19,18.97,0.9,5.05,8.58,99.14,0.55,0.3,100.0
DE VALPARAISO,EL QUISCO,2406,2027,815,1022,123,663,889,7945,43,19,8007,30.28,25.51,10.26,12.86,1.55,8.34,11.19,99.23,0.54,0.24,100.0
DE VALPARAISO,EL TABO,2224,1791,840,799,141,759,535,7089,38,18,7145,31.37,25.26,11.85,11.27,1.99,10.71,7.55,99.22,0.53,0.25,100.0
DE VALPARAISO,HIJUELAS,1454,1725,762,778,59,644,1894,7316,72,34,7422,19.87,23.58,10.42,10.63,0.81,8.8,25.89,98.57,0.97,0.46,100.0
DE VALPARAISO,ISLA DE PASCUA,972,581,352,314,41,323,311,2894,60,73,3027,33.59,20.08,12.16,10.85,1.42,11.16,10.75,95.61,1.98,2.41,100.0
DE VALPARAISO,JUAN FERNANDEZ,144,61,37,42,5,22,6,317,1,3,321,45.43,19.24,11.67,13.25,1.58,6.94,1.89,98.75,0.31,0.93,100.0
DE VALPARAISO,LA CRUZ,2124,2639,808,1249,100,646,1616,9182,53,17,9252,23.13,28.74,8.8,13.6,1.09,7.04,17.6,99.24,0.57,0.18,100.0
DE VALPARAISO,LA LIGUA,4229,3165,1896,1680,195,1079,2257,14501,114,59,14674,29.16,21.83,13.07,11.59,1.34,7.44,15.56,98.82,0.78,0.4,100.0
DE VALPARAISO,LIMACHE,5242,5734,1791,2418,280,1295,2528,19288,170,79,19537,27.18,29.73,9.29,12.54,1.45,6.71,13.11,98.73,0.87,0.4,100.0
DE VALPARAISO,LLAILLAY,2900,1688,1441,1006,169,974,2060,10238,125,49,10412,28.33,16.49,14.08,9.83,1.65,9.51,20.12,98.33,1.2,0.47,100.0
DE VALPARAISO,LOS ANDES,7177,7144,3241,3590,330,2268,5366,29116,279,124,29519,24.65,24.54,11.13,12.33,1.13,7.79,18.43,98.63,0.95,0.42,100.0
DE VALPARAISO,NOGALES,2325,1501,1094,925,130,899,2388,9262,60,55,9377,25.1,16.21,11.81,9.99,1.4,9.71,25.78,98.77,0.64,0.59,100.0
DE VALPARAISO,OLMUE,1925,2624,760,1000,101,561,893,7864,69,44,7977,24.48,33.37,9.66,12.72,1.28,7.13,11.36,98.58,0.86,0.55,100.0
DE VALPARAISO,PANQUEHUE,714,870,389,331,28,229,711,3272,33,25,3330,21.82,26.59,11.89,10.12,0.86,7.0,21.73,98.26,0.99,0.75,100.0
DE VALPARAISO,PAPUDO,869,904,497,658,34,195,458,3615,14,10,3639,24.04,25.01,13.75,18.2,0.94,5.39,12.67,99.34,0.38,0.27,100.0
DE VALPARAISO,PETORCA,1175,671,712,361,54,374,742,4089,48,30,4167,28.74,16.41,17.41,8.83,1.32,9.15,18.15,98.13,1.15,0.72,100.0
DE VALPARAISO,PUCHUNCAVI,2319,1920,907,1357,126,793,1357,8779,64,27,8870,26.42,21.87,10.33,15.46,1.44,9.03,15.46,98.97,0.72,0.3,100.0
DE VALPARAISO,PUTAENDO,1807,1382,1031,628,119,536,944,6447,64,36,6547,28.03,21.44,15.99,9.74,1.85,8.31,14.64,98.47,0.98,0.55,100.0
DE VALPARAISO,QUILLOTA,9253,9930,3514,4514,565,3009,5680,36465,298,116,36879,25.38,27.23,9.64,12.38,1.55,8.25,15.58,98.88,0.81,0.31,100.0
DE VALPARAISO,QUILPUE,20664,19868,6164,8711,1076,5615,8243,70341,515,188,71044,29.38,28.25,8.76,12.38,1.53,7.98,11.72,99.01,0.72,0.26,100.0
DE VALPARAISO,QUINTERO,3085,2997,1165,1237,186,1281,2289,12240,89,56,12385,25.2,24.49,9.52,10.11,1.52,10.47,18.7,98.83,0.72,0.45,100.0
DE VALPARAISO,RINCONADA,1097,1389,710,644,63,375,863,5141,24,27,5192,21.34,27.02,13.81,12.53,1.23,7.29,16.79,99.02,0.46,0.52,100.0
DE VALPARAISO,SAN ANTONIO,11916,6985,5075,3455,1032,4312,5905,38680,324,138,39142,30.81,18.06,13.12,8.93,2.67,11.15,15.27,98.82,0.83,0.35,100.0
DE VALPARAISO,SAN ESTEBAN,1726,1816,1240,1006,93,594,1793,8268,90,43,8401,20.88,21.96,15.0,12.17,1.12,7.18,21.69,98.42,1.07,0.51,100.0
DE VALPARAISO,SAN FELIPE,7691,7542,3280,3253,425,2200,5113,29504,239,132,29875,26.07,25.56,11.12,11.03,1.44,7.46,17.33,98.76,0.8,0.44,100.0
DE VALPARAISO,SANTA MARIA,1149,1343,1017,770,59,449,1141,5928,85,42,6055,19.38,22.66,17.16,12.99,1.0,7.57,19.25,97.9,1.4,0.69,100.0
DE VALPARAISO,SANTO DOMINGO,1281,3000,828,1333,58,395,503,7398,46,22,7466,17.32,40.55,11.19,18.02,0.78,5.34,6.8,99.09,0.62,0.29,100.0
DE VALPARAISO,VALPARAISO,45641,30453,12912,12314,3297,11383,13490,129490,1126,438,131054,35.25,23.52,9.97,9.51,2.55,8.79,10.42,98.81,0.86,0.33,100.0
DE VALPARAISO,VILLA ALEMANA,14351,15343,4365,5754,852,3941,6545,51151,366,125,51642,28.06,30.0,8.53,11.25,1.67,7.7,12.8,99.05,0.71,0.24,100.0
DE VALPARAISO,VIÑA DEL MAR,41768,47235,13568,20935,2319,9966,13865,149656,967,398,151021,27.91,31.56,9.07,13.99,1.55,6.66,9.26,99.1,0.64,0.26,100.0
DE VALPARAISO,ZAPALLAR,1069,1831,467,1311,38,269,430,5415,31,15,5461,19.74,33.81,8.62,24.21,0.7,4.97,7.94,99.16,0.57,0.27,100.0
METROPOLITANA DE SANTIAGO,total,892358,721187,294881,439837,51130,256730,220568,2876691,21238,9191,2907120,31.02,25.07,10.25,15.29,1.78,8.92,7.67,98.95,0.73,0.32,100.0
METROPOLITANA DE SANTIAGO,ALHUE,636,467,520,320,31,151,357,2482,19,16,2517,25.62,18.82,20.95,12.89,1.25,6.08,14.38,98.61,0.75,0.64,100.0
METROPOLITANA DE SANTIAGO,BUIN,10500,11636,3809,4609,513,3199,5237,39503,481,132,40116,26.58,29.46,9.64,11.67,1.3,8.1,13.26,98.47,1.2,0.33,100.0
METROPOLITANA DE SANTIAGO,CALERA DE TANGO,2586,3596,1067,1693,115,693,754,10504,59,40,10603,24.62,34.23,10.16,16.12,1.09,6.6,7.18,99.07,0.56,0.38,100.0
METROPOLITANA DE SANTIAGO,CERRILLOS,9613,7195,2983,3802,597,3530,2993,30713,227,84,31024,31.3,23.43,9.71,12.38,1.94,11.49,9.75,99.0,0.73,0.27,100.0
METROPOLITANA DE SANTIAGO,CERRO NAVIA,15350,8802,5813,4615,1471,7016,5398,48465,360,222,49047,31.67,18.16,11.99,9.52,3.04,14.48,11.14,98.81,0.73,0.45,100.0
METROPOLITANA DE SANTIAGO,COLINA,7968,18091,3522,9621,385,3011,3995,46593,297,177,47067,17.1,38.83,7.56,20.65,0.83,6.46,8.57,98.99,0.63,0.38,100.0
METROPOLITANA DE SANTIAGO,CONCHALI,17619,10987,5973,6007,1146,6538,4786,53056,410,194,53660,33.21,20.71,11.26,11.32,2.16,12.32,9.02,98.87,0.76,0.36,100.0
METROPOLITANA DE SANTIAGO,CURACAVI,3875,3664,1661,1831,168,1002,1238,13439,95,75,13609,28.83,27.26,12.36,13.62,1.25,7.46,9.21,98.75,0.7,0.55,100.0
METROPOLITANA DE SANTIAGO,EL BOSQUE,18771,13458,7127,6539,1207,7744,6210,61056,484,203,61743,30.74,22.04,11.67,10.71,1.98,12.68,10.17,98.89,0.78,0.33,100.0
METROPOLITANA DE SANTIAGO,EL MONTE,3596,3130,1764,1458,204,1289,1890,13331,149,83,13563,26.97,23.48,13.23,10.94,1.53,9.67,14.18,98.29,1.1,0.61,100.0
METROPOLITANA DE SANTIAGO,ESTACION CENTRAL,18230,12049,5736,6345,1163,5491,3632,52646,591,194,53431,34.63,22.89,10.9,12.05,2.21,10.43,6.9,98.53,1.11,0.36,100.0
METROPOLITANA DE SANTIAGO,HUECHURABA,11004,9452,4524,6760,771,4067,3205,39783,308,158,40249,27.66,23.76,11.37,16.99,1.94,10.22,8.06,98.84,0.77,0.39,100.0
METROPOLITANA DE SANTIAGO,INDEPENDENCIA,11569,8327,3408,4646,749,2806,2072,33577,208,97,33882,34.46,24.8,10.15,13.84,2.23,8.36,6.17,99.1,0.61,0.29,100.0
METROPOLITANA DE SANTIAGO,ISLA DE MAIPO,3466,3638,1827,1743,199,1367,1505,13745,98,68,13911,25.22,26.47,13.29,12.68,1.45,9.95,10.95,98.81,0.7,0.49,100.0
METROPOLITANA DE SANTIAGO,LA CISTERNA,13048,9830,4101,5577,733,3410,2560,39259,308,78,39645,33.24,25.04,10.45,14.21,1.87,8.69,6.52,99.03,0.78,0.2,100.0
METROPOLITANA DE SANTIAGO,LA FLORIDA,58319,33562,16861,23602,3003,13959,10735,160041,1081,431,161553,36.44,20.97,10.54,14.75,1.88,8.72,6.71,99.06,0.67,0.27,100.0
METROPOLITANA DE SANTIAGO,LA GRANJA,14887,8105,5911,4561,1002,5644,4760,44870,366,133,45369,33.18,18.06,13.17,10.16,2.23,12.58,10.61,98.9,0.81,0.29,100.0
METROPOLITANA DE SANTIAGO,LA PINTANA,16023,9018,7554,4585,1227,9024,7364,54795,561,275,55631,29.24,16.46,13.79,8.37,2.24,16.47,13.44,98.5,1.01,0.49,100.0
METROPOLITANA DE SANTIAGO,LA REINA,15721,17036,6293,13724,574,1779,1222,56349,289,151,56789,27.9,30.23,11.17,24.36,1.02,3.16,2.17,99.23,0.51,0.27,100.0
METROPOLITANA DE SANTIAGO,LAMPA,7393,7308,2752,3676,456,3219,3985,28789,212,121,29122,25.68,25.38,9.56,12.77,1.58,11.18,13.84,98.86,0.73,0.42,100.0
METROPOLITANA DE SANTIAGO,LAS CONDES,22145,78095,12286,53138,598,2556,1826,170644,716,343,171703,12.98,45.76,7.2,31.14,0.35,1.5,1.07,99.38,0.42,0.2,100.0
METROPOLITANA DE SANTIAGO,LO BARNECHEA,4617,28309,2570,16644,200,1249,1189,54778,164,102,55044,8.43,51.68,4.69,30.38,0.37,2.28,2.17,99.52,0.3,0.19,100.0
METROPOLITANA DE SANTIAGO,LO ESPEJO,12552,6382,4562,3233,923,5690,4296,37638,298,164,38100,33.35,16.96,12.12,8.59,2.45,15.12,11.41,98.79,0.78,0.43,100.0
METROPOLITANA DE SANTIAGO,LO PRADO,12923,7554,4785,4434,910,5272,3878,39756,449,166,40371,32.51,19.0,12.04,11.15,2.29,13.26,9.75,98.48,1.11,0.41,100.0
METROPOLITANA DE SANTIAGO,MACUL,19448,11867,5997,8406,963,4320,3105,54106,350,139,54595,35.94,21.93,11.08,15.54,1.78,7.98,5.74,99.1,0.64,0.25,100.0
METROPOLITANA DE SANTIAGO,MAIPU,75646,42681,19369,25947,4173,20921,17651,206388,1631,600,208619,36.65,20.68,9.38,12.57,2.02,10.14,8.55,98.93,0.78,0.29,100.0
METROPOLITANA DE SANTIAGO,MARIA PINTO,1507,1503,760,793,52,419,485,5519,30,32,5581,27.31,27.23,13.77,14.37,0.94,7.59,8.79,98.89,0.54,0.57,100.0
METROPOLITANA DE SANTIAGO,MELIPILLA,10619,12235,4810,5546,590,2810,4351,40961,327,190,41478,25.92,29.87,11.74,13.54,1.44,6.86,10.62,98.75,0.79,0.46,100.0
METROPOLITANA DE SANTIAGO,ÑUÑOA,48166,29425,12316,23081,1822,4561,2753,122124,601,276,123001,39.44,24.09,10.08,18.9,1.49,3.73,2.25,99.29,0.49,0.22,100.0
METROPOLITANA DE SANTIAGO,PADRE HURTADO,7120,5178,2626,2775,418,3123,3527,24767,194,87,25048,28.75,20.91,10.6,11.2,1.69,12.61,14.24,98.88,0.77,0.35,100.0
METROPOLITANA DE SANTIAGO,PAINE,7020,8428,2699,2743,266,2099,3212,26467,210,125,26802,26.52,31.84,10.2,10.36,1.01,7.93,12.14,98.75,0.78,0.47,100.0
METROPOLITANA DE SANTIAGO,PEDRO AGUIRRE CERDA,17001,7558,5048,4531,1402,5661,3541,44742,400,288,45430,38.0,16.89,11.28,10.13,3.13,12.65,7.91,98.49,0.88,0.63,100.0
METROPOLITANA DE SANTIAGO,PEÑAFLOR,10887,7694,4238,4229,599,4264,5103,37014,290,132,37436,29.41,20.79,11.45,11.43,1.62,11.52,13.79,98.87,0.77,0.35,100.0
METROPOLITANA DE SANTIAGO,PEÑALOLEN,30779,19448,11182,14947,1664,9789,7114,94923,677,343,95943,32.43,20.49,11.78,15.75,1.75,10.31,7.49,98.94,0.71,0.36,100.0
METROPOLITANA DE SANTIAGO,PIRQUE,3587,3614,1504,1992,151,1025,849,12722,85,44,12851,28.2,28.41,11.82,15.66,1.19,8.06,6.67,99.0,0.66,0.34,100.0
METROPOLITANA DE SANTIAGO,PROVIDENCIA,28918,30146,10293,22138,830,2059,1301,95685,414,196,96295,30.22,31.51,10.76,23.14,0.87,2.15,1.36,99.37,0.43,0.2,100.0
METROPOLITANA DE SANTIAGO,PUDAHUEL,26748,15261,8275,8815,2028,10563,8610,80300,647,259,81206,33.31,19.0,10.31,10.98,2.53,13.15,10.72,98.88,0.8,0.32,100.0
METROPOLITANA DE SANTIAGO,PUENTE ALTO,68855,33878,18237,23319,4072,22293,19335,189989,1745,546,192280,36.24,17.83,9.6,12.27,2.14,11.73,10.18,98.81,0.91,0.28,100.0
METROPOLITANA DE SANTIAGO,QUILICURA,22630,12966,6869,8028,1468,8281,8671,68913,657,186,69756,32.84,18.82,9.97,11.65,2.13,12.02,12.58,98.79,0.94,0.27,100.0
METROPOLITANA DE SANTIAGO,QUINTA NORMAL,15938,9933,4830,5451,1068,5075,3301,45596,362,128,46086,34.95,21.78,10.59,11.95,2.34,11.13,7.24,98.94,0.79,0.28,100.0
METROPOLITANA DE SANTIAGO,RECOLETA,21857,13211,6495,7211,1547,6375,4627,61323,495,234,62052,35.64,21.54,10.59,11.76,2.52,10.4,7.55,98.83,0.8,0.38,100.0
METROPOLITANA DE SANTIAGO,RENCA,16061,8927,5984,4860,1280,7297,6237,50646,570,186,51402,31.71,17.63,11.82,9.6,2.53,14.41,12.31,98.53,1.11,0.36,100.0
METROPOLITANA DE SANTIAGO,SAN BERNARDO,29945,23430,10008,10205,1693,11294,11002,97577,804,340,98721,30.69,24.01,10.26,10.46,1.74,11.57,11.28,98.84,0.81,0.34,100.0
METROPOLITANA DE SANTIAGO,SAN JOAQUIN,14987,6971,4406,4379,940,4249,3048,38980,321,143,39444,38.45,17.88,11.3,11.23,2.41,10.9,7.82,98.82,0.81,0.36,100.0
METROPOLITANA DE SANTIAGO,SAN JOSE DE MAIPO,2878,1617,1022,940,163,771,569,7960,98,34,8092,36.16,20.31,12.84,11.81,2.05,9.69,7.15,98.37,1.21,0.42,100.0
METROPOLITANA DE SANTIAGO,SAN MIGUEL,19836,12313,5296,8226,1019,3616,2404,52710,289,100,53099,37.63,23.36,10.05,15.61,1.93,6.86,4.56,99.27,0.54,0.19,100.0
METROPOLITANA DE SANTIAGO,SAN PEDRO,671,1332,541,483,34,195,312,3568,36,28,3632,18.81,37.33,15.16,13.54,0.95,5.47,8.74,98.24,0.99,0.77,100.0
METROPOLITANA DE SANTIAGO,SAN RAMON,10640,6372,4060,3470,805,4745,3597,33689,308,165,34162,31.58,18.91,12.05,10.3,2.39,14.08,10.68,98.62,0.9,0.48,100.0
METROPOLITANA DE SANTIAGO,SANTIAGO,53470,34443,12576,18641,3062,7131,5746,135069,912,400,136381,39.59,25.5,9.31,13.8,2.27,5.28,4.25,99.04,0.67,0.29,100.0
METROPOLITANA DE SANTIAGO,TALAGANTE,8298,8109,3668,3722,460,2996,3808,31061,278,147,31486,26.72,26.11,11.81,11.98,1.48,9.65,12.26,98.65,0.88,0.47,100.0
METROPOLITANA DE SANTIAGO,TILTIL,1980,1741,767,906,106,643,968,7111,69,27,7207,27.84,24.48,10.79,12.74,1.49,9.04,13.61,98.67,0.96,0.37,100.0
METROPOLITANA DE SANTIAGO,VITACURA,4455,31215,3596,20890,110,449,254,60969,208,109,61286,7.31,51.2,5.9,34.26,0.18,0.74,0.42,99.48,0.34,0.18,100.0
DEL LIBERTADOR GENERAL BERNARDO O'HIGGINS,total,87821,92323,48264,50297,4061,28293,52319,363378,3344,2248,368970,24.17,25.41,13.28,13.84,1.12,7.79,14.4,98.48,0.91,0.61,100.0
DEL LIBERTADOR GENERAL BERNARDO O'HIGGINS,CHEPICA,925,1559,841,853,34,338,586,5136,34,25,5195,18.01,30.35,16.37,16.61,0.66,6.58,11.41,98.86,0.65,0.48,100.0
DEL LIBERTADOR GENERAL BERNARDO O'HIGGINS,CHIMBARONGO,2540,3465,1980,1797,122,980,2337,13221,143,119,13483,19.21,26.21,14.98,13.59,0.92,7.41,17.68,98.06,1.06,0.88,100.0
DEL LIBERTADOR GENERAL BERNARDO O'HIGGINS,CODEGUA,1327,1175,642,578,58,522,1008,5310,64,35,5409,24.99,22.13,12.09,10.89,1.09,9.83,18.98,98.17,1.18,0.65,100.0
DEL LIBERTADOR GENERAL BERNARDO O'HIGGINS,COINCO,769,946,344,475,24,291,422,3271,37,23,3331,23.51,28.92,10.52,14.52,0.73,8.9,12.9,98.2,1.11,0.69,100.0
DEL LIBERTADOR GENERAL BERNARDO O'HIGGINS,COLTAUCO,1526,1880,974,943,74,582,1139,7118,59,39,7216,21.44,26.41,13.68,13.25,1.04,8.18,16.0,98.64,0.82,0.54,100.0
DEL LIBERTADOR GENERAL BERNARDO O'HIGGINS,DOÑIHUE,2293,1975,1009,1085,93,760,1477,8692,69,46,8807,26.38,22.72,11.61,12.48,1.07,8.74,16.99,98.69,0.78,0.52,100.0
DEL LIBERTADOR GENERAL BERNARDO O'HIGGINS,GRANEROS,3724,2891,1517,1479,153,1348,2238,13350,166,65,13581,27.9,21.66,11.36,11.08,1.15,10.1,16.76,98.3,1.22,0.48,100.0
DEL LIBERTADOR GENERAL BERNARDO O'HIGGINS,LA ESTRELLA,406,514,326,301,19,113,128,1807,12,24,1843,22.47,28.44,18.04,16.66,1.05,6.25,7.08,98.05,0.65,1.3,100.0
DEL LIBERTADOR GENERAL BERNARDO O'HIGGINS,LAS CABRAS,1993,2392,1470,1282,104,779,826,8846,96,97,9039,22.53,27.04,16.62,14.49,1.18,8.81,9.34,97.86,1.06,1.07,100.0
DEL LIBERTADOR GENERAL BERNARDO O'HIGGINS,LITUECHE,673,935,615,470,31,200,208,3132,26,28,3186,21.49,29.85,19.64,15.01,0.99,6.39,6.64,98.31,0.82,0.88,100.0
DEL LIBERTADOR GENERAL BERNARDO O'HIGGINS,LOLOL,568,812,654,569,18,120,228,2969,18,39,3026,19.13,27.35,22.03,19.16,0.61,4.04,7.68,98.12,0.59,1.29,100.0
DEL LIBERTADOR GENERAL BERNARDO O'HIGGINS,MACHALI,5093,5587,1848,3171,172,1619,2884,20374,164,94,20632,25.0,27.42,9.07,15.56,0.84,7.95,14.16,98.75,0.79,0.46,100.0
DEL LIBERTADOR GENERAL BERNARDO O'HIGGINS,MALLOA,1064,1691,794,682,43,414,686,5374,63,25,5462,19.8,31.47,14.77,12.69,0.8,7.7,12.77,98.39,1.15,0.46,100.0
DEL LIBERTADOR GENERAL BERNARDO O'HIGGINS,MARCHIGUE,669,755,595,605,33,171,240,3068,15,21,3104,21.81,24.61,19.39,19.72,1.08,5.57,7.82,98.84,0.48,0.68,100.0
DEL LIBERTADOR GENERAL BERNARDO O'HIGGINS,MOSTAZAL,2657,2281,1117,1063,128,856,1594,9696,104,53,9853,27.4,23.53,11.52,10.96,1.32,8.83,16.44,98.41,1.06,0.54,100.0
DEL LIBERTADOR GENERAL BERNARDO O'HIGGINS,NANCAGUA,1338,1661,1276,1064,60,395,1006,6800,47,40,6887,19.68,24.43,18.76,15.65,0.88,5.81,14.79,98.74,0.68,0.58,100.0
DEL LIBERTADOR GENERAL BERNARDO O'HIGGINS,NAVIDAD,807,761,622,527,53,217,204,3191,27,28,3246,25.29,23.85,19.49,16.52,1.66,6.8,6.39,98.31,0.83,0.86,100.0
DEL LIBERTADOR GENERAL BERNARDO O'HIGGINS,OLIVAR,1324,1701,718,835,46,493,1076,6193,55,32,6280,21.38,27.47,11.59,13.48,0.74,7.96,17.37,98.61,0.88,0.51,100.0
DEL LIBERTADOR GENERAL BERNARDO O'HIGGINS,PALMILLA,819,1127,1231,671,39,275,469,4631,33,39,4703,17.69,24.34,26.58,14.49,0.84,5.94,10.13,98.47,0.7,0.83,100.0
DEL LIBERTADOR GENERAL BERNARDO O'HIGGINS,PAREDONES,634,752,708,523,24,155,217,3013,28,53,3094,21.04,24.96,23.5,17.36,0.8,5.14,7.2,97.38,0.9,1.71,100.0
DEL LIBERTADOR GENERAL BERNARDO O'HIGGINS,PERALILLO,915,1092,921,772,40,273,392,4405,21,17,4443,20.77,24.79,20.91,17.53,0.91,6.2,8.9,99.14,0.47,0.38,100.0
DEL LIBERTADOR GENERAL BERNARDO O'HIGGINS,PEUMO,1500,1260,985,770,84,505,791,5895,67,68,6030,25.45,21.37,16.71,13.06,1.42,8.57,13.42,97.76,1.11,1.13,100.0
DEL LIBERTADOR GENERAL BERNARDO O'HIGGINS,PICHIDEGUA,1541,1614,1232,1138,83,464,745,6817,48,90,6955,22.61,23.68,18.07,16.69,1.22,6.81,10.93,98.02,0.69,1.29,100.0
DEL LIBERTADOR GENERAL BERNARDO O'HIGGINS,PICHILEMU,2204,1996,1173,1602,113,553,746,8387,78,55,8520,26.28,23.8,13.99,19.1,1.35,6.59,8.89,98.44,0.92,0.65,100.0
DEL LIBERTADOR GENERAL BERNARDO O'HIGGINS,PLACILLA,643,977,722,580,47,282,636,3887,42,33,3962,16.54,25.14,18.57,14.92,1.21,7.25,16.36,98.11,1.06,0.83,100.0
DEL LIBERTADOR GENERAL BERNARDO O'HIGGINS,PUMANQUE,356,534,383,346,27,133,125,1904,8,17,1929,18.7,28.05,20.12,18.17,1.42,6.99,6.57,98.7,0.41,0.88,100.0
DEL LIBERTADOR GENERAL BERNARDO O'HIGGINS,QUINTA DE TILCOCO,1464,1441,782,784,72,420,810,5773,60,59,5892,25.36,24.96,13.55,13.58,1.25,7.28,14.03,97.98,1.02,1.0,100.0
DEL LIBERTADOR GENERAL BERNARDO O'HIGGINS,RANCAGUA,25657,22656,9010,11856,1142,7907,16111,94339,780,287,95406,27.2,24.02,9.55,12.57,1.21,8.38,17.08,98.88,0.82,0.3,100.0
DEL LIBERTADOR GENERAL BERNARDO O'HIGGINS,RENGO,5573,5562,3322,2540,298,2182,3461,22938,247,159,23344,24.3,24.25,14.48,11.07,1.3,9.51,15.09,98.26,1.06,0.68,100.0
DEL LIBERTADOR GENERAL BERNARDO O'HIGGINS,REQUINOA,2120,3401,1398,1380,107,909,2143,11458,96,223,11777,18.5,29.68,12.2,12.04,0.93,7.93,18.7,97.29,0.82,1.89,100.0
DEL LIBERTADOR GENERAL BERNARDO O'HIGGINS,SAN FERNANDO,7173,8385,3836,4240,372,2136,4055,30197,259,150,30606,23.75,27.77,12.7,14.04,1.23,7.07,13.43,98.66,0.85,0.49,100.0
DEL LIBERTADOR GENERAL BERNARDO O'HIGGINS,SAN VICENTE,4515,4736,3166,2779,218,1237,2040,18691,293,102,19086,24.16,25.34,16.94,14.87,1.17,6.62,10.91,97.93,1.54,0.53,100.0
DEL LIBERTADOR GENERAL BERNARDO O'HIGGINS,SANTA CRUZ,3011,3809,2053,2537,130,664,1291,13495,85,63,13643,22.31,28.23,15.21,18.8,0.96,4.92,9.57,98.92,0.62,0.46,100.0
DEL MAULE,total,78976,127037,56255,54914,3765,27423,55007,403377,3714,2424,409515,19.58,31.49,13.95,13.61,0.93,6.8,13.64,98.5,0.91,0.59,100.0
DEL MAULE,CAUQUENES,1999,7099,1967,2374,113,762,1311,15625,182,127,15934,12.79,45.43,12.59,15.19,0.72,4.88,8.39,98.06,1.14,0.8,100.0
DEL MAULE,CHANCO,462,1719,583,391,16,140,235,3546,63,45,3654,13.03,48.48,16.44,11.03,0.45,3.95,6.63,97.04,1.72,1.23,100.0
DEL MAULE,COLBUN,1512,2140,1198,834,76,674,1132,7566,94,79,7739,19.98,28.28,15.83,11.02,1.0,8.91,14.96,97.76,1.21,1.02,100.0
DEL MAULE,CONSTITUCION,2927,4479,2754,2062,188,1188,3860,17458,180,129,17767,16.77,25.66,15.78,11.81,1.08,6.8,22.11,98.26,1.01,0.73,100.0
DEL MAULE,CUREPTO,887,1062,842,630,35,191,385,4032,56,41,4129,22.0,26.34,20.88,15.62,0.87,4.74,9.55,97.65,1.36,0.99,100.0
DEL MAULE,CURICO,12532,17171,6936,7992,651,4627,7880,57789,450,253,58492,21.69,29.71,12.0,13.83,1.13,8.01,13.64,98.8,0.77,0.43,100.0
DEL MAULE,EMPEDRADO,183,855,235,192,6,94,300,1865,17,11,1893,9.81,45.84,12.6,10.29,0.32,5.04,16.09,98.52,0.9,0.58,100.0
DEL MAULE,HUALAÑE,817,992,1017,660,40,259,366,4151,37,30,4218,19.68,23.9,24.5,15.9,0.96,6.24,8.82,98.41,0.88,0.71,100.0
DEL MAULE,LICANTEN,562,735,539,628,29,187,347,3027,15,12,3054,18.57,24.28,17.81,20.75,0.96,6.18,11.46,99.12,0.49,0.39,100.0
DEL MAULE,LINARES,7900,12574,4137,4493,318,2371,4896,36689,288,157,37134,21.53,34.27,11.28,12.25,0.87,6.46,13.34,98.8,0.78,0.42,100.0
DEL MAULE,LONGAVI,1644,4182,1414,1186,56,518,1077,10077,87,66,10230,16.31,41.5,14.03,11.77,0.56,5.14,10.69,98.5,0.85,0.65,100.0
DEL MAULE,MAULE,2117,3418,1525,1544,94,968,2339,12005,109,82,12196,17.63,28.47,12.7,12.86,0.78,8.06,19.48,98.43,0.89,0.67,100.0
DEL MAULE,MOLINA,3961,4884,3244,2255,185,1647,2641,18817,197,117,19131,21.05,25.96,17.24,11.98,0.98,8.75,14.04,98.36,1.03,0.61,100.0
DEL MAULE,PARRAL,2752,6504,2394,2552,109,829,1551,16691,156,108,16955,16.49,38.97,14.34,15.29,0.65,4.97,9.29,98.44,0.92,0.64,100.0
DEL MAULE,PELARCO,549,1127,595,528,29,248,561,3637,41,15,3693,15.09,30.99,16.36,14.52,0.8,6.82,15.42,98.48,1.11,0.41,100.0
DEL MAULE,PELLUHUE,692,1813,531,499,34,179,274,4022,66,36,4124,17.21,45.08,13.2,12.41,0.85,4.45,6.81,97.53,1.6,0.87,100.0
DEL MAULE,PENCAHUE,634,1686,936,656,24,269,584,4789,44,42,4875,13.24,35.21,19.54,13.7,0.5,5.62,12.19,98.24,0.9,0.86,100.0
DEL MAULE,RAUCO,602,1474,722,567,37,383,528,4313,47,29,4389,13.96,34.18,16.74,13.15,0.86,8.88,12.24,98.27,1.07,0.66,100.0
DEL MAULE,RETIRO,908,2962,933,1226,55,400,737,7221,71,89,7381,12.57,41.02,12.92,16.98,0.76,5.54,10.21,97.83,0.96,1.21,100.0
DEL MAULE,RIO CLARO,856,1688,827,820,60,433,726,5410,91,78,5579,15.82,31.2,15.29,15.16,1.11,8.0,13.42,96.97,1.63,1.4,100.0
DEL MAULE,ROMERAL,1049,2145,1045,896,62,462,731,6390,52,49,6491,16.42,33.57,16.35,14.02,0.97,7.23,11.44,98.44,0.8,0.75,100.0
DEL MAULE,SAGRADA FAMILIA,1303,1966,1466,974,72,557,992,7330,67,63,7460,17.78,26.82,20.0,13.29,0.98,7.6,13.53,98.26,0.9,0.84,100.0
DEL MAULE,SAN CLEMENTE,2687,4207,2607,1749,134,1105,2256,14745,184,119,15048,18.22,28.53,17.68,11.86,0.91,7.49,15.3,97.99,1.22,0.79,100.0
DEL MAULE,SAN JAVIER,2718,5319,2501,2086,135,979,2139,15877,121,119,16117,17.12,33.5,15.75,13.14,0.85,6.17,13.47,98.51,0.75,0.74,100.0
DEL MAULE,SAN RAFAEL,590,1183,627,548,38,369,738,4093,43,32,4168,14.41,28.9,15.32,13.39,0.93,9.02,18.03,98.2,1.03,0.77,100.0
DEL MAULE,TALCA,22153,25368,11031,12867,929,5817,13421,91586,689,276,92551,24.19,27.7,12.04,14.05,1.01,6.35,14.65,98.96,0.74,0.3,100.0
DEL MAULE,TENO,1684,3127,1228,1377,105,779,1436,9736,103,80,9919,17.3,32.12,12.61,14.14,1.08,8.0,14.75,98.16,1.04,0.81,100.0
DEL MAULE,VICHUQUEN,398,855,414,757,25,107,186,2742,16,24,2782,14.51,31.18,15.1,27.61,0.91,3.9,6.78,98.56,0.58,0.86,100.0
DEL MAULE,VILLA ALEGRE,964,2056,937,845,42,396,636,5876,56,39,5971,16.41,34.99,15.95,14.38,0.71,6.74,10.82,98.41,0.94,0.65,100.0
DEL MAULE,YERBAS BUENAS,934,2247,1070,726,68,485,742,6272,92,77,6441,14.89,35.83,17.06,11.58,1.08,7.73,11.83,97.38,1.43,1.2,100.0
DE ÑUBLE,total,31684,69888,28434,24591,1699,10488,24135,190919,1810,1256,193985,16.6,36.61,14.89,12.88,0.89,5.49,12.64,98.42,0.93,0.65,100.0
DE ÑUBLE,BULNES,1265,3045,1455,1273,79,458,965,8540,104,78,8722,14.81,35.66,17.04,14.91,0.93,5.36,11.3,97.91,1.19,0.89,100.0
DE ÑUBLE,CHILLAN,14744,24291,9010,9420,703,3914,9348,71430,657,242,72329,20.64,34.01,12.61,13.19,0.98,5.48,13.09,98.76,0.91,0.33,100.0
DE ÑUBLE,CHILLAN VIEJO,1894,3694,1546,1308,101,822,1728,11093,97,39,11229,17.07,33.3,13.94,11.79,0.91,7.41,15.58,98.79,0.86,0.35,100.0
DE ÑUBLE,COBQUECURA,460,805,450,414,23,124,266,2542,35,29,2606,18.1,31.67,17.7,16.29,0.9,4.88,10.46,97.54,1.34,1.11,100.0
DE ÑUBLE,COELEMU,1077,2711,1417,784,50,405,1142,7586,69,84,7739,14.2,35.74,18.68,10.33,0.66,5.34,15.05,98.02,0.89,1.09,100.0
DE ÑUBLE,COIHUECO,1024,4445,1420,1220,87,464,997,9657,88,90,9835,10.6,46.03,14.7,12.63,0.9,4.8,10.32,98.19,0.89,0.92,100.0
DE ÑUBLE,EL CARMEN,567,2331,926,649,25,209,395,5102,29,37,5168,11.11,45.69,18.15,12.72,0.49,4.1,7.74,98.72,0.56,0.72,100.0
DE ÑUBLE,NINHUE,253,824,697,320,15,105,191,2405,24,22,2451,10.52,34.26,28.98,13.31,0.62,4.37,7.94,98.12,0.98,0.9,100.0
DE ÑUBLE,ÑIQUEN,531,2000,632,610,35,301,518,4627,46,58,4731,11.48,43.22,13.66,13.18,0.76,6.51,11.2,97.8,0.97,1.23,100.0
DE ÑUBLE,PEMUCO,424,1364,574,423,20,172,390,3367,29,13,3409,12.59,40.51,17.05,12.56,0.59,5.11,11.58,98.77,0.85,0.38,100.0
DE ÑUBLE,PINTO,578,2626,457,726,34,256,446,5123,38,38,5199,11.28,51.26,8.92,14.17,0.66,5.0,8.71,98.54,0.73,0.73,100.0
DE ÑUBLE,PORTEZUELO,308,1068,574,371,23,116,207,2667,29,22,2718,11.55,40.04,21.52,13.91,0.86,4.35,7.76,98.12,1.07,0.81,100.0
DE ÑUBLE,QUILLON,839,2479,996,827,71,420,970,6602,68,37,6707,12.71,37.55,15.09,12.53,1.08,6.36,14.69,98.43,1.01,0.55,100.0
DE ÑUBLE,QUIRIHUE,758,1357,1337,703,43,243,595,5036,78,85,5199,15.05,26.95,26.55,13.96,0.85,4.83,11.81,96.86,1.5,1.63,100.0
DE ÑUBLE,RANQUIL,356,991,508,321,19,144,362,2701,21,22,2744,13.18,36.69,18.81,11.88,0.7,5.33,13.4,98.43,0.77,0.8,100.0
DE ÑUBLE,SAN CARLOS,3118,7864,2526,2391,161,941,2335,19336,166,148,19650,16.13,40.67,13.06,12.37,0.83,4.87,12.08,98.4,0.84,0.75,100.0
DE ÑUBLE,SAN FABIAN,394,805,392,308,14,97,281,2291,24,23,2338,17.2,35.14,17.11,13.44,0.61,4.23,12.27,97.99,1.03,0.98,100.0
DE ÑUBLE,SAN IGNACIO,730,2504,906,892,59,389,619,6099,67,56,6222,11.97,41.06,14.85,14.63,0.97,6.38,10.15,98.02,1.08,0.9,100.0
DE ÑUBLE,SAN NICOLAS,785,1849,906,640,47,403,691,5321,59,52,5432,14.75,34.75,17.03,12.03,0.88,7.57,12.99,97.96,1.09,0.96,100.0
DE ÑUBLE,TREHUACO,398,905,557,310,20,117,338,2645,22,27,2694,15.05,34.22,21.06,11.72,0.76,4.42,12.78,98.18,0.82,1.0,100.0
DE ÑUBLE,YUNGAY,1181,1930,1148,681,70,388,1351,6749,60,54,6863,17.5,28.6,17.01,10.09,1.04,5.75,20.02,98.34,0.87,0.79,100.0
DEL BIOBIO,total,117286,199305,72925,62987,7291,40100,112024,611918,5298,3183,620399,19.17,32.57,11.92,10.29,1.19,6.55,18.31,98.63,0.85,0.51,100.0
DEL BIOBIO,ALTO BIOBIO,377,502,399,155,40,119,255,1847,81,80,2008,20.41,27.18,21.6,8.39,2.17,6.44,13.81,91.98,4.03,3.98,100.0
DEL BIOBIO,ANTUCO,245,547,332,210,17,91,400,1842,27,11,1880,13.3,29.7,18.02,11.4,0.92,4.94,21.72,97.98,1.44,0.59,100.0
DEL BIOBIO,ARAUCO,2203,4983,1687,1138,123,862,3366,14362,143,100,14605,15.34,34.7,11.75,7.92,0.86,6.0,23.44,98.34,0.98,0.68,100.0
DEL BIOBIO,CABRERO,1309,3698,1279,942,88,677,2771,10764,93,98,10955,12.16,34.36,11.88,8.75,0.82,6.29,25.74,98.26,0.85,0.89,100.0
DEL BIOBIO,CAÑETE,1742,6296,1457,894,157,571,1361,12478,122,101,12701,13.96,50.46,11.68,7.16,1.26,4.58,10.91,98.24,0.96,0.8,100.0
DEL BIOBIO,CHIGUAYANTE,8106,9097,3892,4085,491,2774,5924,34369,228,100,34697,23.59,26.47,11.32,11.89,1.43,8.07,17.24,99.05,0.66,0.29,100.0
DEL BIOBIO,CONCEPCION,24338,30048,11041,12723,1428,5752,12689,98019,666,313,98998,24.83,30.66,11.26,12.98,1.46,5.87,12.95,99.01,0.67,0.32,100.0
DEL BIOBIO,CONTULMO,330,1557,306,138,26,139,215,2711,23,21,2755,12.17,57.43,11.29,5.09,0.96,5.13,7.93,98.4,0.83,0.76,100.0
DEL BIOBIO,CORONEL,8251,11597,4777,2766,496,3193,10237,41317,431,173,41921,19.97,28.07,11.56,6.69,1.2,7.73,24.78,98.56,1.03,0.41,100.0
DEL BIOBIO,CURANILAHUE,2127,3898,1962,801,157,789,2550,12284,150,128,12562,17.32,31.73,15.97,6.52,1.28,6.42,20.76,97.79,1.19,1.02,100.0
DEL BIOBIO,FLORIDA,623,1562,804,606,55,317,675,4642,59,38,4739,13.42,33.65,17.32,13.05,1.18,6.83,14.54,97.95,1.24,0.8,100.0
DEL BIOBIO,HUALPEN,8184,9919,4598,3711,523,3421,8828,39184,290,115,39589,20.89,25.31,11.73,9.47,1.33,8.73,22.53,98.98,0.73,0.29,100.0
DEL BIOBIO,HUALQUI,1433,2304,1063,823,103,847,1802,8375,94,66,8535,17.11,27.51,12.69,9.83,1.23,10.11,21.52,98.13,1.1,0.77,100.0
DEL BIOBIO,LAJA,1299,2709,1017,880,83,632,2295,8915,118,64,9097,14.57,30.39,11.41,9.87,0.93,7.09,25.74,98.0,1.3,0.7,100.0
DEL BIOBIO,LEBU,1581,3442,1361,527,95,647,1238,8891,115,80,9086,17.78,38.71,15.31,5.93,1.07,7.28,13.92,97.85,1.27,0.88,100.0
DEL BIOBIO,LOS ALAMOS,1030,3497,1073,477,78,380,1267,7802,80,63,7945,13.2,44.82,13.75,6.11,1.0,4.87,16.24,98.2,1.01,0.79,100.0
DEL BIOBIO,LOS ANGELES,9446,29438,6438,8842,615,3254,11658,69691,501,341,70533,13.55,42.24,9.24,12.69,0.88,4.67,16.73,98.81,0.71,0.48,100.0
DEL BIOBIO,LOTA,3892,6201,3074,1290,218,1827,4624,21126,283,144,21553,18.42,29.35,14.55,6.11,1.03,8.65,21.89,98.02,1.31,0.67,100.0
DEL BIOBIO,MULCHEN,1351,3762,1613,822,86,465,1830,9929,104,117,10150,13.61,37.89,16.25,8.28,0.87,4.68,18.43,97.82,1.02,1.15,100.0
DEL BIOBIO,NACIMIENTO,1367,3693,1264,836,96,548,2874,10678,84,73,10835,12.8,34.59,11.84,7.83,0.9,5.13,26.92,98.55,0.78,0.67,100.0
DEL BIOBIO,NEGRETE,350,1545,508,399,25,217,661,3705,49,44,3798,9.45,41.7,13.71,10.77,0.67,5.86,17.84,97.55,1.29,1.16,100.0
DEL BIOBIO,PENCO,4384,4823,3466,1798,296,1651,4424,20842,176,110,21128,21.03,23.14,16.63,8.63,1.42,7.92,21.23,98.65,0.83,0.52,100.0
DEL BIOBIO,QUILACO,235,668,409,194,11,79,233,1829,13,26,1868,12.85,36.52,22.36,10.61,0.6,4.32,12.74,97.91,0.7,1.39,100.0
DEL BIOBIO,QUILLECO,410,1479,572,399,43,244,675,3822,59,50,3931,10.73,38.7,14.97,10.44,1.13,6.38,17.66,97.23,1.5,1.27,100.0
DEL BIOBIO,SAN PEDRO DE LA PAZ,9865,14414,4764,6603,489,2926,7277,46338,277,139,46754,21.29,31.11,10.28,14.25,1.06,6.31,15.7,99.11,0.59,0.3,100.0
DEL BIOBIO,SAN ROSENDO,313,510,282,134,13,204,431,1887,28,18,1933,16.59,27.03,14.94,7.1,0.69,10.81,22.84,97.62,1.45,0.93,100.0
DEL BIOBIO,SANTA BARBARA,645,2082,670,583,47,225,865,5117,46,38,5201,12.61,40.69,13.09,11.39,0.92,4.4,16.9,98.38,0.88,0.73,100.0
DEL BIOBIO,SANTA JUANA,886,2155,638,424,71,341,807,5322,55,39,5416,16.65,40.49,11.99,7.97,1.33,6.41,15.16,98.26,1.02,0.72,100.0
DEL BIOBIO,TALCAHUANO,13213,18975,6191,6102,866,4567,13156,63070,507,189,63766,20.95,30.09,9.82,9.67,1.37,7.24,20.86,98.91,0.8,0.3,100.0
DEL BIOBIO,TIRUA,581,1936,483,234,57,140,322,3753,47,44,3844,15.48,51.59,12.87,6.24,1.52,3.73,8.58,97.63,1.22,1.14,100.0
DEL BIOBIO,TOME,4959,6873,3324,2073,259,1424,3805,22717,200,128,23045,21.83,30.25,14.63,9.13,1.14,6.27,16.75,98.58,0.87,0.56,100.0
DEL BIOBIO,TUCAPEL,830,1820,939,584,53,305,1148,5679,60,61,5800,14.62,32.05,16.53,10.28,0.93,5.37,20.21,97.91,1.03,1.05,100.0
DEL BIOBIO,YUMBEL,1381,3275,1242,794,86,472,1361,8611,89,71,8771,16.04,38.03,14.42,9.22,1.0,5.48,15.81,98.18,1.01,0.81,100.0
DE LA ARAUCANIA,total,65294,165991,48730,40950,4079,21810,46868,393722,3906,2543,400171,16.58,42.16,12.38,10.4,1.04,5.54,11.9,98.39,0.98,0.64,100.0
DE LA ARAUCANIA,ANGOL,2805,9972,2197,2014,153,940,3070,21151,177,110,21438,13.26,47.15,10.39,9.52,0.72,4.44,14.51,98.66,0.83,0.51,100.0
DE LA ARAUCANIA,CARAHUE,1226,3976,1748,956,113,497,944,9460,90,84,9634,12.96,42.03,18.48,10.11,1.19,5.25,9.98,98.19,0.93,0.87,100.0
DE LA ARAUCANIA,CHOLCHOL,789,1820,780,549,86,355,822,5201,129,66,5396,15.17,34.99,15.0,10.56,1.65,6.83,15.8,96.39,2.39,1.22,100.0
DE LA ARAUCANIA,COLLIPULLI,1119,4949,923,676,89,486,1170,9412,105,107,9624,11.89,52.58,9.81,7.18,0.95,5.16,12.43,97.8,1.09,1.11,100.0
DE LA ARAUCANIA,CUNCO,1091,3389,1167,779,57,412,961,7856,77,53,7986,13.89,43.14,14.85,9.92,0.73,5.24,12.23,98.37,0.96,0.66,100.0
DE LA ARAUCANIA,CURACAUTIN,996,4160,840,603,59,353,657,7668,82,62,7812,12.99,54.25,10.95,7.86,0.77,4.6,8.57,98.16,1.05,0.79,100.0
DE LA ARAUCANIA,CURARREHUE,548,1231,333,341,51,124,270,2898,23,21,2942,18.91,42.48,11.49,11.77,1.76,4.28,9.32,98.5,0.78,0.71,100.0
DE LA ARAUCANIA,ERCILLA,485,1490,322,211,50,182,179,2919,33,20,2972,16.62,51.04,11.03,7.23,1.71,6.24,6.13,98.22,1.11,0.67,100.0
DE LA ARAUCANIA,FREIRE,1381,3630,1630,911,126,571,950,9199,120,90,9409,15.01,39.46,17.72,9.9,1.37,6.21,10.33,97.77,1.28,0.96,100.0
DE LA ARAUCANIA,GALVARINO,880,1802,1134,364,73,376,473,5102,68,59,5229,17.25,35.32,22.23,7.13,1.43,7.37,9.27,97.57,1.3,1.13,100.0
DE LA ARAUCANIA,GORBEA,794,3155,841,805,40,228,639,6502,55,45,6602,12.21,48.52,12.93,12.38,0.62,3.51,9.83,98.49,0.83,0.68,100.0
DE LA ARAUCANIA,LAUTARO,2171,6914,2197,1281,144,785,1829,15321,169,96,15586,14.17,45.13,14.34,8.36,0.94,5.12,11.94,98.3,1.08,0.62,100.0
DE LA ARAUCANIA,LONCOCHE,1516,3501,1537,938,93,588,1306,9479,87,74,9640,15.99,36.93,16.21,9.9,0.98,6.2,13.78,98.33,0.9,0.77,100.0
DE LA ARAUCANIA,LONQUIMAY,580,2144,880,326,32,169,427,4558,78,101,4737,12.72,47.04,19.31,7.15,0.7,3.71,9.37,96.22,1.65,2.13,100.0
DE LA ARAUCANIA,LOS SAUCES,386,1881,462,310,28,130,277,3474,48,49,3571,11.11,54.15,13.3,8.92,0.81,3.74,7.97,97.28,1.34,1.37,100.0
DE LA ARAUCANIA,LUMACO,556,2443,455,227,52,175,241,4149,42,51,4242,13.4,58.88,10.97,5.47,1.25,4.22,5.81,97.81,0.99,1.2,100.0
DE LA ARAUCANIA,MELIPEUCO,362,944,328,199,26,95,247,2201,29,20,2250,16.45,42.89,14.9,9.04,1.18,4.32,11.22,97.82,1.29,0.89,100.0
DE LA ARAUCANIA,NUEVA IMPERIAL,2196,4696,2301,1191,178,1011,1647,13220,164,102,13486,16.61,35.52,17.41,9.01,1.35,7.65,12.46,98.03,1.22,0.76,100.0
DE LA ARAUCANIA,PADRE LAS CASAS,4409,9271,2982,2511,265,1852,4368,25658,260,185,26103,17.18,36.13,11.62,9.79,1.03,7.22,17.02,98.3,1.0,0.71,100.0
DE LA ARAUCANIA,PERQUENCO,383,1251,458,174,36,185,456,2943,39,22,3004,13.01,42.51,15.56,5.91,1.22,6.29,15.49,97.97,1.3,0.73,100.0
DE LA ARAUCANIA,PITRUFQUEN,1573,4487,1241,974,82,572,1077,10006,77,46,10129,15.72,44.84,12.4,9.73,0.82,5.72,10.76,98.79,0.76,0.45,100.0
DE LA ARAUCANIA,PUCON,2900,4592,1089,1595,136,593,1352,12257,93,57,12407,23.66,37.46,8.88,13.01,1.11,4.84,11.03,98.79,0.75,0.46,100.0
DE LA ARAUCANIA,PUREN,615,2644,924,398,49,230,405,5265,44,32,5341,11.68,50.22,17.55,7.56,0.93,4.37,7.69,98.58,0.82,0.6,100.0
DE LA ARAUCANIA,RENAICO,445,1755,576,385,35,259,792,4247,68,32,4347,10.48,41.32,13.56,9.07,0.82,6.1,18.65,97.7,1.56,0.74,100.0
DE LA ARAUCANIA,SAAVEDRA,760,1581,1183,453,106,406,535,5024,103,73,5200,15.13,31.47,23.55,9.02,2.11,8.08,10.65,96.62,1.98,1.4,100.0
DE LA ARAUCANIA,TEMUCO,23413,47023,12020,14178,1216,6777,15090,119717,934,369,121020,19.56,39.28,10.04,11.84,1.02,5.66,12.6,98.92,0.77,0.3,100.0
DE LA ARAUCANIA,TEODORO SCHMIDT,749,2667,911,995,46,302,656,6326,107,96,6529,11.84,42.16,14.4,15.73,0.73,4.77,10.37,96.89,1.64,1.47,100.0
DE LA ARAUCANIA,TOLTEN,565,1858,631,645,44,254,452,4449,66,59,4574,12.7,41.76,14.18,14.5,0.99,5.71,10.16,97.27,1.44,1.29,100.0
DE LA ARAUCANIA,TRAIGUEN,1273,3830,991,753,105,430,519,7901,113,66,8080,16.11,48.47,12.54,9.53,1.33,5.44,6.57,97.78,1.4,0.82,100.0
DE LA ARAUCANIA,VICTORIA,1718,8465,1477,1142,121,740,1029,14692,127,81,14900,11.69,57.62,10.05,7.77,0.82,5.04,7.0,98.6,0.85,0.54,100.0
DE LA ARAUCANIA,VILCUN,1444,4473,1605,1208,100,548,1301,10679,116,84,10879,13.52,41.89,15.03,11.31,0.94,5.13,12.18,98.16,1.07,0.77,100.0
DE LA ARAUCANIA,VILLARRICA,5166,9997,2567,2858,288,1185,2727,24788,183,131,25102,20.84,40.33,10.36,11.53,1.16,4.78,11.0,98.75,0.73,0.52,100.0
DE LOS RIOS,total,36976,52916,21796,16277,2054,8691,20912,159622,1429,1234,162285,23.16,33.15,13.65,10.2,1.29,5.44,13.1,98.36,0.88,0.76,100.0
DE LOS RIOS,CORRAL,578,556,519,148,22,134,310,2267,19,24,2310,25.5,24.53,22.89,6.53,0.97,5.91,13.67,98.14,0.82,1.04,100.0
DE LOS RIOS,FUTRONO,1008,2803,902,692,74,244,806,6529,67,42,6638,15.44,42.93,13.82,10.6,1.13,3.74,12.34,98.36,1.01,0.63,100.0
DE LOS RIOS,LA UNION,2783,5954,2322,1840,163,763,2212,16037,109,97,16243,17.35,37.13,14.48,11.47,1.02,4.76,13.79,98.73,0.67,0.6,100.0
DE LOS RIOS,LAGO RANCO,703,1740,655,475,51,188,487,4299,67,64,4430,16.35,40.47,15.24,11.05,1.19,4.37,11.33,97.04,1.51,1.44,100.0
DE LOS RIOS,LANCO,1413,2312,981,561,78,309,1000,6654,59,69,6782,21.24,34.75,14.74,8.43,1.17,4.64,15.03,98.11,0.87,1.02,100.0
DE LOS RIOS,LOS LAGOS,1476,2851,1055,698,60,396,1091,7627,72,60,7759,19.35,37.38,13.83,9.15,0.79,5.19,14.3,98.3,0.93,0.77,100.0
DE LOS RIOS,MAFIL,479,1292,423,283,29,187,647,3340,38,39,3417,14.34,38.68,12.66,8.47,0.87,5.6,19.37,97.75,1.11,1.14,100.0
DE LOS RIOS,MARIQUINA,1520,2346,1226,667,72,391,1543,7765,71,61,7897,19.58,30.21,15.79,8.59,0.93,5.04,19.87,98.33,0.9,0.77,100.0
DE LOS RIOS,PAILLACO,1428,3333,1171,801,94,333,1226,8386,81,73,8540,17.03,39.74,13.96,9.55,1.12,3.97,14.62,98.2,0.95,0.85,100.0
DE LOS RIOS,PANGUIPULLI,2368,4900,1954,1329,169,906,1836,13462,204,164,13830,17.59,36.4,14.51,9.87,1.26,6.73,13.64,97.34,1.48,1.19,100.0
DE LOS RIOS,RIO BUENO,2106,5283,2025,1380,150,583,1673,13200,134,263,13597,15.95,40.02,15.34,10.45,1.14,4.42,12.67,97.08,0.99,1.93,100.0
DE LOS RIOS,VALDIVIA,21114,19546,8563,7403,1092,4257,8081,70056,508,278,70842,30.14,27.9,12.22,10.57,1.56,6.08,11.54,98.89,0.72,0.39,100.0
DE LOS LAGOS,total,66568,105754,47939,35547,4015,17548,48389,325760,2732,2473,330965,20.43,32.46,14.72,10.91,1.23,5.39,14.85,98.43,0.83,0.75,100.0
DE LOS LAGOS,ANCUD,3793,4372,2350,1826,230,938,2120,15629,123,131,15883,24.27,27.97,15.04,11.68,1.47,6.0,13.56,98.4,0.77,0.82,100.0
DE LOS LAGOS,CALBUCO,2162,3387,1432,1106,154,710,2188,11139,139,168,11446,19.41,30.41,12.86,9.93,1.38,6.37,19.64,97.32,1.21,1.47,100.0
DE LOS LAGOS,CASTRO,4868,4442,2414,1868,320,954,2733,17599,149,123,17871,27.66,25.24,13.72,10.61,1.82,5.42,15.53,98.48,0.83,0.69,100.0
DE LOS LAGOS,CHAITEN,291,555,304,149,11,69,126,1505,13,32,1550,19.34,36.88,20.2,9.9,0.73,4.58,8.37,97.1,0.84,2.06,100.0
DE LOS LAGOS,CHONCHI,1209,1194,975,498,96,280,1001,5253,47,46,5346,23.02,22.73,18.56,9.48,1.83,5.33,19.06,98.26,0.88,0.86,100.0
DE LOS LAGOS,COCHAMO,284,646,181,197,19,69,148,1544,13,32,1589,18.39,41.84,11.72,12.76,1.23,4.47,9.59,97.17,0.82,2.01,100.0
DE LOS LAGOS,CURACO DE VELEZ,255,301,291,114,10,57,206,1234,11,16,1261,20.66,24.39,23.58,9.24,0.81,4.62,16.69,97.86,0.87,1.27,100.0
DE LOS LAGOS,DALCAHUE,919,1086,709,488,67,259,796,4324,45,38,4407,21.25,25.12,16.4,11.29,1.55,5.99,18.41,98.12,1.02,0.86,100.0
DE LOS LAGOS,FRESIA,838,2052,1178,458,44,211,491,5272,63,69,5404,15.9,38.92,22.34,8.69,0.83,4.0,9.31,97.56,1.17,1.28,100.0
DE LOS LAGOS,FRUTILLAR,1351,3260,1329,786,60,375,1208,8369,54,63,8486,16.14,38.95,15.88,9.39,0.72,4.48,14.43,98.62,0.64,0.74,100.0
DE LOS LAGOS,FUTALEUFU,208,435,155,150,15,34,60,1057,8,14,1079,19.68,41.15,14.66,14.19,1.42,3.22,5.68,97.96,0.74,1.3,100.0
DE LOS LAGOS,HUALAIHUE,628,1041,600,389,48,223,678,3607,51,70,3728,17.41,28.86,16.63,10.78,1.33,6.18,18.8,96.75,1.37,1.88,100.0
DE LOS LAGOS,LLANQUIHUE,1395,2618,1186,627,66,553,1390,7835,63,70,7968,17.8,33.41,15.14,8.0,0.84,7.06,17.74,98.33,0.79,0.88,100.0
DE LOS LAGOS,LOS MUERMOS,796,3214,858,715,37,245,759,6624,69,124,6817,12.02,48.52,12.95,10.79,0.56,3.7,11.46,97.17,1.01,1.82,100.0
DE LOS LAGOS,MAULLIN,882,2197,941,496,50,208,715,5489,45,60,5594,16.07,40.03,17.14,9.04,0.91,3.79,13.03,98.12,0.8,1.07,100.0
DE LOS LAGOS,OSORNO,14256,21365,9994,7717,838,3309,9914,67393,496,241,68130,21.15,31.7,14.83,11.45,1.24,4.91,14.71,98.92,0.73,0.35,100.0
DE LOS LAGOS,PALENA,160,307,157,81,7,20,57,789,8,14,811,20.28,38.91,19.9,10.27,0.89,2.53,7.22,97.29,0.99,1.73,100.0
DE LOS LAGOS,PUERTO MONTT,18860,28790,9339,9453,1209,5555,14459,87665,644,498,88807,21.51,32.84,10.65,10.78,1.38,6.34,16.49,98.71,0.73,0.56,100.0
DE LOS LAGOS,PUERTO OCTAY,651,1245,956,318,42,201,645,4058,29,27,4114,16.04,30.68,23.56,7.84,1.03,4.95,15.89,98.64,0.7,0.66,100.0
DE LOS LAGOS,PUERTO VARAS,4459,9205,2276,3841,191,897,2150,23019,132,122,23273,19.37,39.99,9.89,16.69,0.83,3.9,9.34,98.91,0.57,0.52,100.0
DE LOS LAGOS,PUQUELDON,299,287,217,102,14,83,293,1295,23,12,1330,23.09,22.16,16.76,7.88,1.08,6.41,22.63,97.37,1.73,0.9,100.0
DE LOS LAGOS,PURRANQUE,1317,3456,1691,882,79,426,1082,8933,104,89,9126,14.74,38.69,18.93,9.87,0.88,4.77,12.11,97.89,1.14,0.98,100.0
DE LOS LAGOS,PUYEHUE,753,1790,1151,413,42,267,598,5014,46,38,5098,15.02,35.7,22.96,8.24,0.84,5.33,11.93,98.35,0.9,0.75,100.0
DE LOS LAGOS,QUEILEN,493,520,663,212,29,117,315,2349,20,34,2403,20.99,22.14,28.22,9.03,1.23,4.98,13.41,97.75,0.83,1.41,100.0
DE LOS LAGOS,QUELLON,1748,2123,1660,694,111,441,1747,8524,112,146,8782,20.51,24.91,19.47,8.14,1.3,5.17,20.5,97.06,1.28,1.66,100.0
DE LOS LAGOS,QUEMCHI,587,789,596,291,30,145,345,2783,27,55,2865,21.09,28.35,21.42,10.46,1.08,5.21,12.4,97.14,0.94,1.92,100.0
DE LOS LAGOS,QUINCHAO,712,515,626,191,25,127,276,2472,29,33,2534,28.8,20.83,25.32,7.73,1.01,5.14,11.17,97.55,1.14,1.3,100.0
DE LOS LAGOS,RIO NEGRO,891,2158,1314,703,50,290,827,6233,66,44,6343,14.29,34.62,21.08,11.28,0.8,4.65,13.27,98.27,1.04,0.69,100.0
DE LOS LAGOS,SAN JUAN DE LA COSTA,746,838,1228,328,66,231,518,3955,51,31,4037,18.86,21.19,31.05,8.29,1.67,5.84,13.1,97.97,1.26,0.77,100.0
DE LOS LAGOS,SAN PABLO,757,1566,1168,454,55,254,544,4798,52,33,4883,15.78,32.64,24.34,9.46,1.15,5.29,11.34,98.26,1.06,0.68,100.0
DE AYSEN DEL GENERAL CARLOS IBAÑEZ DEL CAMPO,total,9975,11761,6580,3921,508,2017,5146,39908,435,340,40683,24.99,29.47,16.49,9.83,1.27,5.05,12.89,98.1,1.07,0.84,100.0
DE AYSEN DEL GENERAL CARLOS IBAÑEZ DEL CAMPO,AYSEN,2188,2314,1402,716,126,551,1664,8961,102,86,9149,24.42,25.82,15.65,7.99,1.41,6.15,18.57,97.95,1.11,0.94,100.0
DE AYSEN DEL GENERAL CARLOS IBAÑEZ DEL CAMPO,CHILE CHICO,601,488,332,173,26,86,184,1890,29,22,1941,31.8,25.82,17.57,9.15,1.38,4.55,9.74,97.37,1.49,1.13,100.0
DE AYSEN DEL GENERAL CARLOS IBAÑEZ DEL CAMPO,CISNES,409,764,283,210,23,118,264,2071,17,27,2115,19.75,36.89,13.66,10.14,1.11,5.7,12.75,97.92,0.8,1.28,100.0
DE AYSEN DEL GENERAL CARLOS IBAÑEZ DEL CAMPO,COCHRANE,357,428,264,176,12,49,101,1387,24,29,1440,25.74,30.86,19.03,12.69,0.87,3.53,7.28,96.32,1.67,2.01,100.0
DE AYSEN DEL GENERAL CARLOS IBAÑEZ DEL CAMPO,COYHAIQUE,5787,6756,3845,2350,284,1090,2692,22804,210,124,23138,25.38,29.63,16.86,10.31,1.25,4.78,11.8,98.56,0.91,0.54,100.0
DE AYSEN DEL GENERAL CARLOS IBAÑEZ DEL CAMPO,GUAITECAS,129,150,80,43,4,18,68,492,2,5,499,26.22,30.49,16.26,8.74,0.81,3.66,13.82,98.6,0.4,1.0,100.0
DE AYSEN DEL GENERAL CARLOS IBAÑEZ DEL CAMPO,LAGO VERDE,75,216,65,46,11,16,31,460,11,5,476,16.3,46.96,14.13,10.0,2.39,3.48,6.74,96.64,2.31,1.05,100.0
DE AYSEN DEL GENERAL CARLOS IBAÑEZ DEL CAMPO,O'HIGGINS,75,142,47,26,3,5,16,314,5,6,325,23.89,45.22,14.97,8.28,0.96,1.59,5.1,96.62,1.54,1.85,100.0
DE AYSEN DEL GENERAL CARLOS IBAÑEZ DEL CAMPO,RIO IBAÑEZ,287,464,227,161,11,69,112,1331,25,29,1385,21.56,34.86,17.05,12.1,0.83,5.18,8.41,96.1,1.81,2.09,100.0
DE AYSEN DEL GENERAL CARLOS IBAÑEZ DEL CAMPO,TORTEL,67,39,35,20,8,15,14,198,10,7,215,33.84,19.7,17.68,10.1,4.04,7.58,7.07,92.09,4.65,3.26,100.0
DE MAGALLANES Y DE LA ANTARTICA CHILENA,total,21137,19292,6854,5760,668,6645,8721,69077,648,304,70029,30.6,27.93,9.92,8.34,0.97,9.62,12.63,98.64,0.93,0.43,100.0
DE MAGALLANES Y DE LA ANTARTICA CHILENA,ANTARTICA,4,34,1,2,0,2,4,47,0,0,47,8.51,72.34,2.13,4.26,0.0,4.26,8.51,100.0,0.0,0.0,100.0
DE MAGALLANES Y DE LA ANTARTICA CHILENA,CABO DE HORNOS(EX-NAVARINO),189,421,74,63,10,28,82,867,6,5,878,21.8,48.56,8.54,7.27,1.15,3.23,9.46,98.75,0.68,0.57,100.0
DE MAGALLANES Y DE LA ANTARTICA CHILENA,LAGUNA BLANCA,57,134,33,24,3,26,25,302,2,2,306,18.87,44.37,10.93,7.95,0.99,8.61,8.28,98.69,0.65,0.65,100.0
DE MAGALLANES Y DE LA ANTARTICA CHILENA,NATALES,2437,2039,1253,573,91,722,980,8095,105,72,8272,30.11,25.19,15.48,7.08,1.12,8.92,12.11,97.86,1.27,0.87,100.0
DE MAGALLANES Y DE LA ANTARTICA CHILENA,PORVENIR,761,581,304,166,18,193,245,2268,39,19,2326,33.55,25.62,13.4,7.32,0.79,8.51,10.8,97.51,1.68,0.82,100.0
DE MAGALLANES Y DE LA ANTARTICA CHILENA,PRIMAVERA,63,66,43,31,4,46,51,304,7,2,313,20.72,21.71,14.14,10.2,1.32,15.13,16.78,97.12,2.24,0.64,100.0
DE MAGALLANES Y DE LA ANTARTICA CHILENA,PUNTA ARENAS,17375,15589,4993,4782,537,5482,7174,55932,475,192,56599,31.06,27.87,8.93,8.55,0.96,9.8,12.83,98.82,0.84,0.34,100.0
DE MAGALLANES Y DE LA ANTARTICA CHILENA,RIO VERDE,52,101,17,26,0,29,31,256,2,0,258,20.31,39.45,6.64,10.16,0.0,11.33,12.11,99.22,0.78,0.0,100.0
DE MAGALLANES Y DE LA ANTARTICA CHILENA,SAN GREGORIO,52,95,5,32,0,27,33,244,2,3,249,21.31,38.93,2.05,13.11,0.0,11.07,13.52,97.99,0.8,1.2,100.0
DE MAGALLANES Y DE LA ANTARTICA CHILENA,TIMAUKEL,24,71,8,19,1,23,22,168,2,1,171,14.29,42.26,4.76,11.31,0.6,13.69,13.1,98.25,1.17,0.58,100.0
DE MAGALLANES Y DE LA ANTARTICA CHILENA,TORRES DEL PAINE,123,161,123,42,4,67,74,594,8,8,610,20.71,27.1,20.71,7.07,0.67,11.28,12.46,97.38,1.31,1.31,100.0
